date,open,high,low,close,volume
2014-06-13,275.34,278.72,260.84,273.4,39931952
2014-06-16,271.47,278.23,260.84,276.3,5746042
2014-06-17,274.37,277.84,274.37,275.34,12830964
2014-06-18,273.81,277.03,272.17,273.89,4807773
2014-06-19,272.92,275.82,272.92,275.58,2201098
2014-06-20,276.78,279.2,274.61,276.54,525143
2014-06-23,276.4,279.2,275.34,276.3,139684
2014-06-24,275.34,276.88,266.64,272.92,691823
2014-06-25,260.6,274.37,260.6,270.51,776600
2014-06-26,270.51,277.27,267.61,269.54,98470
2014-06-27,272.68,272.92,265.67,268.57,248242
2014-06-30,273.94,275.58,261.81,265.67,469525
2014-07-01,265.19,271.71,260.84,260.84,474784
2014-07-02,263.74,267.37,260.84,260.84,44974
2014-07-03,264.23,266.88,261.81,261.81,51801
2014-07-04,260.84,270.51,260.54,265.67,445180
2014-07-07,270.32,270.4,261.09,263.74,483213
2014-07-08,261.81,264.47,260.84,261.81,4386691
2014-07-09,260.74,261.81,259.15,259.88,1465996
2014-07-10,265.19,265.67,248.04,255.05,2847880
2014-07-11,254.08,260.84,254.08,259.4,220214
2014-07-14,260.84,260.84,253.84,258.91,121663
2014-07-15,256.01,261.33,255.05,261.33,122222
2014-07-16,263.02,268.81,262.29,264.71,128574
2014-07-17,266.64,266.64,264.71,265.67,12957
2014-07-18,268.81,268.81,263.5,267.12,69009
2014-07-21,271.47,271.47,263.02,268.57,95180
2014-07-22,269.54,269.78,262.78,265.43,45312
2014-07-23,267.61,278.48,266.88,273.4,609445
2014-07-24,272.05,275.58,270.51,272.68,377541
2014-07-25,274.37,275.24,266.64,268.81,89512
2014-07-28,274.01,275.09,267.12,269.06,65806
2014-07-29,266.64,272.97,265.67,268.57,1266448
2014-07-30,271.71,273.45,265.92,267.61,38532
2014-07-31,264.23,270.22,261.33,262.29,168951
2014-08-01,262.78,267.12,257.95,267.12,815914
2014-08-04,265.46,268.84,262.29,265.67,260002
2014-08-05,269.41,269.41,264.71,264.71,548049
2014-08-06,264.71,264.71,256.5,256.5,107779
2014-08-07,261.09,262.05,255.05,258.67,329553
2014-08-08,256.61,258.67,254.08,257.95,97425
2014-08-11,257.95,263.08,257.7,258.91,2556591
2014-08-12,261.15,261.33,256.01,256.98,52306
2014-08-13,259.99,259.99,254.08,256.26,92339
2014-08-14,251.18,264.47,251.18,259.88,143863
2014-08-15,264.23,264.23,256.5,262.78,103448
2014-08-18,264.47,270.75,256.74,270.75,60975
2014-08-19,270.51,277.03,258.19,277.03,108512
2014-08-20,272.44,286.69,272.44,277.03,191025
2014-08-21,274.37,278.23,274.37,278.23,85996
2014-08-22,272.2,278.96,272.2,275.34,43413
2014-08-26,277.75,277.75,267.12,267.12,59873
2014-08-27,270.75,278.48,264.23,269.3,407350
2014-08-28,270.51,274.85,263.02,270.26,49619
2014-08-29,275.34,275.34,263.02,268.57,37101
2014-09-01,267.7,270.51,265.92,269.3,7274
2014-09-02,275.82,279.92,266.64,267.85,382847
2014-09-03,267.85,273.16,263.02,263.02,23341
2014-09-04,264.71,264.71,253.84,256.01,2662154
2014-09-05,260.84,260.84,256.01,256.01,416799
2014-09-08,261.07,261.07,252.39,253.12,7272
2014-09-09,261.81,262.05,255.29,260.12,186181
2014-09-10,258.07,259.88,252.39,257.95,85797
2014-09-11,262.05,264.71,257.46,257.95,38157
2014-09-12,256.01,262.34,250.22,254.08,65099
2014-09-15,248.29,256.83,248.29,249.25,23155
2014-09-16,246.59,252.39,241.76,242.01,31820
2014-09-17,241.52,249.15,235.73,235.73,37134
2014-09-18,235.73,238.65,231.86,238.14,135977
2014-09-19,244.81,246.35,231.86,241.52,273644
2014-09-22,249.4,249.4,236.21,244.42,48559
2014-09-23,242.01,249.98,239.11,249.98,52895
2014-09-24,248.91,252.15,247.08,250.46,106025
2014-09-25,254.56,256.98,251.18,256.01,408467
2014-09-26,256.98,265.67,256.01,258.91,72162
2014-09-29,259.76,266.4,254.08,260.36,49425
2014-09-30,258.67,269.54,256.01,265.67,120864
2014-10-01,259.88,259.88,259.88,259.88,1972
2014-10-02,258.91,260.84,256.98,256.98,33496
2014-10-03,269.54,269.54,252.85,254.08,108401
2014-10-06,267.85,267.85,253.12,253.12,64749
2014-10-07,254.08,256.01,253.06,256.01,14371
2014-10-08,250.22,253.12,244.42,248.77,181734
2014-10-09,259.88,259.88,246.35,251.18,38220
2014-10-10,240.8,260.12,240.8,254.81,83984
2014-10-13,244.18,251.18,240.8,251.18,91021
2014-10-14,240.8,258.43,240.8,258.43,99858
2014-10-15,253.12,256.44,249.25,251.18,80925
2014-10-16,249.25,252.87,240.8,240.8,175273
2014-10-17,246.35,246.35,234.04,237.66,182765
2014-10-20,246.35,246.35,231.86,238.87,82434
2014-10-21,236.69,241.52,236.69,241.52,272137
2014-10-22,231.86,242.49,231.86,236.69,564608
2014-10-23,234.76,242.2,234.04,234.04,192890
2014-10-24,234.76,241.55,226.31,226.31,797662
2014-10-27,232.8,232.83,219.3,230.41,240763
2014-10-28,227.03,231.86,227.03,230.9,145037
2014-10-29,236.72,237.66,228.96,231.86,337145
2014-10-30,231.86,237.42,229.93,237.42,339711
2014-10-31,236.63,240.31,227.76,240.31,32075
2014-11-03,244.18,249.73,241.52,249.25,235808
2014-11-04,250.81,251.18,246.11,251.18,53958
2014-11-05,251.42,252.15,244.42,252.15,728226
2014-11-06,252.15,260.84,252.15,259.15,44849
2014-11-07,260.84,260.84,250.22,258.91,80468
2014-11-10,258.43,260.84,254.08,257.46,75850
2014-11-11,260.36,260.36,257.12,258.67,48275
2014-11-12,260.12,260.12,254.08,257.95,49811
2014-11-13,254.56,258.64,254.32,257.46,52977
2014-11-14,260.36,260.84,254.08,260.36,255320
2014-11-17,260.36,260.52,259.4,260.36,329668
2014-11-18,260.36,266.32,258.91,260.84,497225
2014-11-19,260.6,266.16,260.12,260.6,664140
2014-11-20,260.84,260.84,258.91,258.91,480370
2014-11-21,260.84,260.84,251.42,259.88,211373
2014-11-24,259.88,260.84,251.42,259.88,133340
2014-11-25,260.12,260.12,253.12,259.4,76929
2014-11-26,259.88,259.88,244.18,251.18,136396
2014-11-27,259.64,259.64,246.35,250.7,220643
2014-11-28,256.01,259.88,251.67,259.88,380506
2014-12-01,259.64,259.64,252.39,257.7,49779
2014-12-02,255.2,259.36,250.22,254.56,115969
2014-12-03,260.36,260.36,250.22,253.12,428458
2014-12-04,259.64,260.84,253.12,260.84,421177
2014-12-05,260.84,265.67,256.01,263.74,122306
2014-12-08,265.67,275.34,260.84,264.23,151115
2014-12-09,270.02,270.02,261.09,266.4,42084
2014-12-10,274.37,274.37,265.92,269.78,44295
2014-12-11,270.51,270.51,265.67,266.88,38002
2014-12-12,267.12,275.09,257.22,275.09,29672
2014-12-15,261.57,275.28,261.57,266.4,84060
2014-12-16,275.34,275.34,256.5,256.5,65296
2014-12-17,258.91,265.43,254.08,265.43,27660
2014-12-18,252.39,274.37,252.39,271.47,57569
2014-12-19,260.84,272.44,260.84,265.67,79392
2014-12-22,275.34,276.06,265.67,266.64,65020
2014-12-23,277.75,277.75,265.67,277.75,103308
2014-12-24,270.05,270.51,265.92,270.51,10784
2014-12-29,265.67,275.67,265.67,270.51,17096
2014-12-30,259.4,280.17,259.4,280.17,36079
2014-12-31,280.17,289.83,272.44,275.34,212716
2015-01-02,278.23,289.34,276.3,279.2,47402
2015-01-05,280.17,291.28,274.56,284.03,258688
2015-01-06,280.17,287.65,273.64,275.34,127975
2015-01-07,273.64,282.1,271.23,275.34,38961
2015-01-08,282.1,283.06,265.92,283.06,84064
2015-01-09,282.1,289.83,278.23,286.93,254140
2015-01-12,293.58,294.06,285.96,288.38,1064174
2015-01-13,293.19,294.1,282.82,291.03,21733
2015-01-14,294.66,294.66,281.13,288.38,76335
2015-01-15,290.6,291.76,283.25,290.79,50769
2015-01-16,291.08,295.62,285.0,295.62,1030124
2015-01-19,295.62,300.21,289.83,289.83,591236
2015-01-20,301.9,304.32,285.0,289.83,4077303
2015-01-21,297.8,297.8,285.0,289.83,185378
2015-01-22,299.49,299.49,288.18,291.76,624580
2015-01-23,289.83,315.19,289.83,297.56,966189
2015-01-26,308.18,309.39,293.69,299.49,854048
2015-01-27,309.15,309.15,298.28,304.32,394194
2015-01-28,293.69,317.84,293.69,304.32,203109
2015-01-29,313.01,313.01,296.11,299.49,1501982
2015-01-30,309.15,309.15,297.07,305.04,100951
2015-02-02,301.42,317.36,301.42,311.08,150917
2015-02-03,313.25,318.81,301.42,309.15,4250912
2015-02-04,297.56,309.63,297.56,304.32,4158416
2015-02-05,308.18,308.18,299.49,302.39,1116787
2015-02-06,297.56,306.01,291.76,299.49,937231
2015-02-09,300.45,301.69,290.79,294.66,658173
2015-02-10,289.83,298.28,289.83,295.62,900517
2015-02-11,304.8,304.8,294.66,294.66,588917
2015-02-12,304.32,304.32,294.66,296.59,303099
2015-02-13,304.32,304.32,288.86,293.69,414707
2015-02-16,291.03,296.37,287.88,294.66,769348
2015-02-17,292.73,299.49,292.73,298.04,3268631
2015-02-18,299.97,304.32,295.62,302.63,813197
2015-02-19,298.04,309.15,298.04,307.7,708584
2015-02-20,310.11,320.26,307.7,315.91,1552089
2015-02-23,315.67,320.77,312.63,320.5,702205
2015-02-24,321.95,324.61,318.53,319.05,902938
2015-02-25,319.05,319.78,308.18,312.05,464977
2015-02-26,312.53,317.84,308.18,310.84,466850
2015-02-27,321.22,321.22,309.15,309.15,332973
2015-03-02,309.63,309.63,303.11,303.35,270539
2015-03-03,302.14,310.11,302.14,306.25,189085
2015-03-04,304.8,314.7,295.62,302.39,173667
2015-03-05,306.25,306.25,297.8,302.39,181058
2015-03-06,299.49,303.35,294.49,302.14,120165
2015-03-09,304.08,304.08,294.13,294.17,200491
2015-03-10,300.21,300.21,286.2,286.2,239321
2015-03-11,287.17,287.65,279.2,280.89,354111
2015-03-12,278.48,288.38,278.48,281.13,518337
2015-03-13,286.2,286.2,278.23,284.03,570573
2015-03-16,283.06,285.24,281.13,283.06,247308
2015-03-17,286.45,293.21,281.13,289.34,812878
2015-03-18,288.86,297.56,288.62,292.73,259100
2015-03-19,291.03,301.18,291.03,295.38,1436265
2015-03-20,303.59,303.59,289.83,297.07,294972
2015-03-23,297.07,299.97,296.83,297.56,136466
2015-03-24,289.83,297.31,289.83,292.24,268205
2015-03-25,292.73,293.69,286.2,289.59,297861
2015-03-26,292.73,295.87,287.61,292.73,880526
2015-03-27,299.49,302.87,289.83,295.38,180912
2015-03-30,294.9,296.59,290.55,291.28,543897
2015-03-31,289.83,301.9,289.83,301.9,1211927
2015-04-01,292.0,298.52,292.0,298.52,66054
2015-04-02,298.52,299.49,289.58,295.14,110117
2015-04-07,287.65,297.56,286.45,292.73,264761
2015-04-08,296.83,299.49,293.69,299.49,359115
2015-04-09,290.31,298.76,290.31,295.62,109682
2015-04-10,287.89,297.56,287.89,296.11,81413
2015-04-13,286.45,294.5,286.45,292.97,131799
2015-04-14,293.69,297.8,287.89,297.8,143244
2015-04-15,295.14,304.56,294.66,304.56,122409
2015-04-16,295.14,305.53,295.14,302.14,98790
2015-04-17,300.7,300.7,296.59,298.52,85805
2015-04-20,305.77,305.77,295.38,300.21,63029
2015-04-21,295.62,301.42,295.62,299.0,292377
2015-04-22,300.45,305.77,295.38,296.59,190049
2015-04-23,294.9,298.55,289.83,295.38,222374
2015-04-24,304.8,304.8,290.79,301.66,283640
2015-04-27,291.76,304.32,291.76,304.32,172773
2015-04-28,301.9,308.91,297.56,304.56,455710
2015-04-29,291.28,303.35,291.28,295.62,3205251
2015-04-30,302.39,304.32,291.03,293.69,682858
2015-05-01,304.32,304.32,289.83,289.83,128339
2015-05-05,299.73,305.04,289.83,299.49,537156
2015-05-06,290.31,299.73,290.31,297.56,162476
2015-05-07,290.31,297.8,290.31,294.66,109585
2015-05-08,303.35,303.35,296.83,298.04,92873
2015-05-11,303.84,303.84,295.62,296.83,489427
2015-05-12,292.97,310.43,292.97,304.8,255688
2015-05-13,298.28,315.42,298.28,314.46,744058
2015-05-14,303.11,315.19,303.11,313.98,397482
2015-05-15,305.77,319.53,305.77,313.98,401993
2015-05-18,304.56,317.6,304.56,313.98,452798
2015-05-19,320.26,325.57,310.11,321.22,812892
2015-05-20,319.29,323.64,318.81,322.19,367433
2015-05-21,324.85,324.85,315.91,320.5,594364
2015-05-22,320.02,323.88,313.98,320.74,705611
2015-05-26,313.98,319.78,309.15,313.5,266017
2015-05-27,312.05,313.98,305.53,307.22,285078
2015-05-28,307.22,318.81,307.22,313.01,1596732
2015-05-29,314.95,318.81,310.6,315.19,626500
2015-06-01,318.81,318.81,312.77,314.95,733885
2015-06-02,318.81,329.92,312.53,324.61,1517711
2015-06-03,320.26,326.78,320.26,323.16,741598
2015-06-04,327.02,329.68,318.81,329.2,682480
2015-06-05,320.98,333.06,320.98,329.2,575749
2015-06-08,323.88,331.13,323.88,327.26,1566075
2015-06-09,322.43,333.3,322.43,330.16,640650
2015-06-10,326.54,332.58,326.54,331.37,559029
2015-06-11,330.89,333.3,328.95,332.33,1242302
2015-06-12,334.03,337.65,333.3,334.27,977306
2015-06-15,334.51,335.72,331.37,332.33,645191
2015-06-16,333.3,333.3,329.44,330.4,1068520
2015-06-17,331.61,333.3,328.95,331.61,702167
2015-06-18,334.75,336.68,329.92,335.72,1569316
2015-06-19,334.75,348.28,334.03,338.37,28579596
2015-06-22,345.76,345.76,334.65,336.88,1153941
2015-06-23,337.17,339.97,334.85,336.2,1239991
2015-06-24,337.65,339.1,335.43,339.1,648824
2015-06-25,336.97,336.97,331.56,333.98,865295
2015-06-26,335.52,336.2,331.37,335.52,1103208
2015-06-29,329.73,336.2,325.77,332.72,973770
2015-06-30,331.18,333.78,330.4,331.27,794867
2015-07-01,330.79,334.94,330.02,332.43,661436
2015-07-02,330.89,335.04,330.89,334.94,516811
2015-07-03,334.94,341.13,333.3,339.1,837027
2015-07-06,337.55,340.45,334.27,338.52,858341
2015-07-07,339.77,340.26,336.97,337.17,954068
2015-07-08,339.29,339.29,331.08,331.47,556253
2015-07-09,330.89,332.14,328.47,329.73,695689
2015-07-10,333.59,334.07,329.15,331.37,721869
2015-07-13,333.2,335.23,332.43,332.72,815944
2015-07-14,331.85,332.24,329.63,330.21,512417
2015-07-15,330.21,330.79,326.73,327.41,620813
2015-07-16,329.44,329.44,327.7,328.47,1111890
2015-07-17,331.27,340.06,330.5,330.69,10575058
2015-07-20,333.2,337.32,331.56,335.23,1128963
2015-07-21,336.59,342.96,334.75,340.26,2225039
2015-07-22,339.87,340.27,337.07,337.94,1647831
2015-07-23,340.06,343.54,338.22,340.84,740114
2015-07-24,328.47,336.1,328.47,333.49,4792835
2015-07-27,331.27,336.59,329.13,333.3,1197897
2015-07-28,333.98,334.91,330.79,331.56,1205260
2015-07-29,333.69,341.13,333.69,340.16,1220663
2015-07-30,340.93,342.58,336.2,337.75,965194
2015-07-31,340.06,346.63,338.9,344.6,1257137
2015-08-03,343.25,348.76,338.96,346.34,1043405
2015-08-04,347.79,348.08,344.89,344.89,6033354
2015-08-05,345.47,346.83,343.54,345.18,1221160
2015-08-06,345.96,347.12,343.64,344.89,1060120
2015-08-07,345.57,346.73,341.9,343.45,798832
2015-08-10,345.57,346.44,342.19,346.05,538400
2015-08-11,345.96,347.79,342.38,342.87,1013846
2015-08-12,341.32,341.32,331.56,333.49,1013814
2015-08-13,336.49,340.26,334.65,336.59,1197876
2015-08-14,336.59,339.58,335.81,336.97,440291
2015-08-17,338.61,340.45,335.91,338.13,401599
2015-08-18,336.78,338.32,335.33,337.17,483687
2015-08-19,336.49,337.75,333.3,335.72,458830
2015-08-20,333.49,336.39,330.4,330.4,1062947
2015-08-21,327.99,329.82,320.36,325.67,1703165
2015-08-24,318.91,319.0,302.39,306.15,2083730
2015-08-25,309.15,315.91,303.52,313.5,1223088
2015-08-26,309.92,312.43,305.19,308.67,1588054
2015-08-27,314.95,318.62,311.25,313.88,1684147
2015-08-28,323.16,323.25,311.37,312.53,992015
2015-09-01,309.15,312.17,304.32,307.22,1495344
2015-09-02,308.18,312.05,307.41,307.7,816116
2015-09-03,309.44,311.66,307.02,308.86,711911
2015-09-04,308.47,308.47,302.39,304.22,1519505
2015-09-07,306.93,307.22,301.32,302.0,303355
2015-09-08,302.87,302.97,299.29,301.71,747216
2015-09-09,302.87,305.19,301.42,303.06,628785
2015-09-10,300.45,305.57,299.58,304.32,978212
2015-09-11,304.32,305.67,302.97,304.22,605094
2015-09-14,304.22,306.73,304.22,305.57,659235
2015-09-15,306.64,307.41,303.93,304.42,1015853
2015-09-16,304.7,307.7,304.51,304.99,904395
2015-09-17,304.8,309.15,304.8,306.83,495671
2015-09-18,306.44,313.79,306.35,312.63,1326547
2015-09-21,310.5,317.94,310.25,315.72,682168
2015-09-22,315.52,317.17,307.99,307.99,813195
2015-09-23,308.28,310.69,305.28,309.34,526218
2015-09-24,307.51,308.67,302.77,305.67,817144
2015-09-25,307.89,313.4,307.12,308.67,471499
2015-09-28,307.89,314.46,306.73,309.34,811415
2015-09-29,307.7,307.7,303.16,304.32,788969
2015-09-30,310.11,314.37,307.8,314.37,1176564
2015-10-01,315.62,320.26,315.52,320.26,738573
2015-10-02,319.97,325.96,319.97,325.48,899361
2015-10-05,327.79,329.73,322.77,323.64,642619
2015-10-06,324.41,328.47,322.96,328.47,742649
2015-10-07,328.57,328.57,315.14,315.43,737339
2015-10-08,319.1,319.1,314.17,317.55,969101
2015-10-09,318.81,321.8,316.88,317.46,641338
2015-10-12,316.59,319.0,314.17,314.17,1538403
2015-10-13,314.08,316.78,312.14,313.59,369926
2015-10-14,313.21,313.88,307.6,312.63,638860
2015-10-15,312.63,312.82,308.76,311.47,466819
2015-10-16,311.18,315.04,309.25,313.3,635673
2015-10-19,313.59,317.36,310.6,317.26,334361
2015-10-20,315.33,320.07,315.33,315.52,803974
2015-10-21,317.36,317.36,312.24,313.4,578289
2015-10-22,313.98,316.3,311.08,315.81,2686119
2015-10-23,317.36,329.73,314.85,327.12,841679
2015-10-26,327.31,329.63,322.0,325.57,639271
2015-10-27,324.12,326.54,320.94,322.29,569049
2015-10-28,319.78,324.9,317.94,322.77,393334
2015-10-29,321.32,325.77,321.32,323.64,631263
2015-10-30,323.45,325.86,320.45,322.09,581096
2015-11-02,321.51,325.28,318.81,320.65,335900
2015-11-03,321.71,324.8,319.0,323.64,416552
2015-11-04,325.77,325.96,317.75,319.49,450959
2015-11-05,318.13,324.22,317.94,323.64,515722
2015-11-06,323.06,325.96,320.07,323.64,877164
2015-11-09,323.64,324.32,320.74,323.64,525768
2015-11-10,325.19,325.19,321.42,324.12,882928
2015-11-11,323.64,325.86,317.94,321.42,444034
2015-11-12,321.03,324.32,318.52,322.29,604872
2015-11-13,322.19,322.19,305.28,313.3,782758
2015-11-16,306.44,312.53,306.44,308.76,635603
2015-11-17,305.09,309.15,291.86,297.56,3385873
2015-11-18,292.73,313.11,292.73,311.47,1866026
2015-11-19,310.31,311.17,299.58,304.32,1647687
2015-11-20,304.32,305.57,296.3,299.49,1067242
2015-11-23,298.52,300.16,296.59,299.49,835603
2015-11-24,296.88,298.52,294.66,295.33,795133
2015-11-25,296.98,299.78,296.4,296.4,588957
2015-11-26,297.94,298.62,296.01,297.17,1693920
2015-11-27,298.14,304.32,297.17,302.68,4084662
2015-11-30,304.22,308.76,302.1,306.06,1181694
2015-12-01,306.35,312.72,304.03,308.38,923653
2015-12-02,307.7,310.79,301.81,304.22,808549
2015-12-03,303.45,305.28,297.56,297.56,1210962
2015-12-04,299.97,299.97,295.91,296.49,580023
2015-12-07,289.83,294.17,284.42,285.38,7634589
2015-12-08,284.22,286.74,277.46,277.46,4676481
2015-12-09,279.78,279.78,273.5,274.08,1922004
2015-12-10,272.53,280.07,270.51,279.1,2432769
2015-12-11,277.88,279.78,276.49,277.27,987002
2015-12-14,277.17,280.65,275.34,276.69,970712
2015-12-15,276.21,282.29,275.92,278.91,687069
2015-12-16,277.07,278.81,270.51,276.3,4420663
2015-12-17,278.52,288.86,277.27,288.86,1468951
2015-12-18,282.68,287.23,280.26,282.58,1321823
2015-12-21,280.65,283.35,277.27,277.75,705756
2015-12-22,277.94,279.01,273.11,275.82,767797
2015-12-23,275.34,277.75,270.7,273.6,720473
2015-12-24,272.92,275.92,271.57,271.57,88762
2015-12-29,271.28,277.36,271.28,276.78,554385
2015-12-30,275.82,279.49,275.34,278.33,873090
2015-12-31,277.07,278.14,273.5,275.05,438270
2016-01-04,270.51,275.43,265.38,269.06,1211770
2016-01-05,272.24,272.44,265.67,271.47,1380071
2016-01-06,270.51,272.15,256.11,257.66,6899946
2016-01-07,253.41,253.5,234.66,240.46,2916029
2016-01-08,240.94,255.82,240.94,243.16,1414269
2016-01-11,241.62,243.76,238.14,239.3,830055
2016-01-12,238.04,250.31,238.04,247.13,1166286
2016-01-13,244.42,248.48,242.68,248.0,4654443
2016-01-14,253.02,269.83,253.02,268.09,4048157
2016-01-15,268.28,271.77,263.45,269.25,3978847
2016-01-18,268.19,269.15,262.87,263.74,2545118
2016-01-19,264.42,269.64,262.87,264.13,930272
2016-01-20,262.78,264.23,254.76,258.43,1473145
2016-01-21,255.72,264.23,255.72,261.33,1701207
2016-01-22,264.52,266.25,261.71,264.32,1810423
2016-01-25,264.61,267.9,262.29,264.13,740017
2016-01-26,260.84,266.93,260.26,265.48,1193226
2016-01-27,267.41,270.51,262.78,270.02,644394
2016-01-28,266.74,270.89,264.03,266.64,836204
2016-01-29,269.73,271.47,266.75,271.47,1250181
2016-02-01,272.73,275.92,268.82,274.47,1390987
2016-02-02,273.11,278.04,272.44,276.11,927424
2016-02-03,277.75,280.36,274.85,276.98,1589198
2016-02-04,279.49,281.52,275.14,278.04,764064
2016-02-05,276.88,281.71,274.95,275.34,1427959
2016-02-08,274.85,277.36,263.94,264.32,1772737
2016-02-09,265.67,271.37,264.9,268.57,1770032
2016-02-10,268.28,271.57,266.93,269.35,1697572
2016-02-11,268.96,268.96,263.74,263.74,1222471
2016-02-12,263.45,268.67,263.45,268.28,1028444
2016-02-15,270.31,279.1,270.31,277.94,1138834
2016-02-16,276.69,280.17,266.74,270.02,906118
2016-02-17,269.64,276.69,269.35,276.59,1889257
2016-02-18,276.69,280.94,276.49,277.27,450831
2016-02-19,277.36,281.13,276.01,281.13,387955
2016-02-22,281.42,283.93,274.18,276.3,792238
2016-02-23,274.27,276.4,273.4,273.5,3462387
2016-02-24,274.85,274.95,267.8,271.57,624955
2016-02-25,272.05,279.78,268.67,278.52,1035501
2016-02-26,280.94,283.16,276.78,277.17,896411
2016-02-29,274.85,279.88,273.21,275.24,803993
2016-03-01,276.3,284.42,276.3,280.75,1022214
2016-03-02,281.33,283.06,277.56,277.75,1111624
2016-03-03,277.94,278.44,272.44,274.76,853887
2016-03-04,273.89,280.75,273.89,280.75,543692
2016-03-07,278.23,282.19,275.82,278.23,1368407
2016-03-08,278.14,278.43,274.18,274.56,750108
2016-03-09,276.3,278.52,273.6,274.08,391426
2016-03-10,273.89,276.69,259.88,260.36,1035825
2016-03-11,259.3,261.42,252.92,259.2,820237
2016-03-14,259.78,266.34,258.82,263.55,432812
2016-03-15,263.74,265.29,261.13,263.65,891808
2016-03-16,264.03,266.64,262.87,264.71,913849
2016-03-17,264.71,265.77,257.08,262.78,704206
2016-03-18,261.33,264.9,261.33,264.71,1081340
2016-03-21,265.58,265.67,263.55,264.61,380326
2016-03-22,264.13,264.71,257.17,259.68,604141
2016-03-23,259.88,260.75,257.85,260.26,640950
2016-03-24,259.88,259.88,250.8,252.44,951018
2016-03-29,251.57,254.76,250.8,254.76,1545400
2016-03-30,255.05,258.62,252.54,255.53,540269
2016-03-31,255.34,257.66,254.27,256.4,576344
2016-04-01,256.01,256.01,246.64,253.89,703205
2016-04-04,252.15,256.5,250.89,252.34,689020
2016-04-05,253.02,255.43,249.83,253.12,682663
2016-04-06,254.47,264.71,249.84,260.75,705621
2016-04-07,261.52,263.01,258.33,258.91,606573
2016-04-08,257.85,259.88,255.72,256.59,419245
2016-04-11,255.72,256.79,251.76,253.21,477339
2016-04-12,254.37,259.49,252.73,258.91,657337
2016-04-13,261.23,265.0,259.49,262.68,646088
2016-04-14,260.84,267.7,259.49,263.07,498122
2016-04-15,264.42,270.51,262.0,266.06,711491
2016-04-18,264.71,268.77,263.84,267.61,592017
2016-04-19,269.06,274.85,267.03,272.53,540422
2016-04-20,272.44,275.53,270.02,275.53,793094
2016-04-21,275.72,278.23,273.11,276.4,478519
2016-04-22,277.65,278.04,270.99,272.05,419839
2016-04-25,272.44,278.52,271.28,276.49,353924
2016-04-26,274.37,278.23,273.6,276.4,363186
2016-04-27,275.34,280.17,272.15,277.46,428416
2016-04-28,275.72,278.14,274.18,275.43,999280
2016-04-29,271.57,274.08,267.22,267.99,513963
2016-05-03,267.22,269.54,264.9,267.9,684523
2016-05-04,266.45,266.74,262.39,265.58,508003
2016-05-05,264.9,268.86,264.42,266.16,523487
2016-05-06,264.52,265.38,260.75,262.49,552916
2016-05-09,263.16,266.83,261.52,261.52,763501
2016-05-10,264.52,264.52,258.91,260.94,673779
2016-05-11,259.88,263.26,256.98,260.94,954257
2016-05-12,262.2,265.38,259.68,263.36,506917
2016-05-13,258.43,267.41,258.43,265.87,1074609
2016-05-16,265.67,276.3,264.9,271.08,905776
2016-05-17,272.82,273.11,269.54,271.76,1308557
2016-05-18,269.73,275.14,269.73,272.92,1154259
2016-05-19,271.28,273.5,269.83,270.31,776803
2016-05-20,271.37,274.37,268.48,271.18,730898
2016-05-23,271.76,275.34,268.48,272.05,762045
2016-05-24,270.99,274.37,265.58,274.18,849900
2016-05-25,274.08,274.85,272.05,272.73,1618301
2016-05-26,276.49,283.35,275.14,280.84,3273013
2016-05-27,284.22,294.56,281.91,294.56,1955914
2016-05-31,291.76,301.23,291.76,300.45,12528426
2016-06-01,300.45,302.0,294.37,295.14,1435711
2016-06-02,293.98,295.91,292.73,294.75,1238801
2016-06-03,297.07,297.07,290.31,294.66,1028029
2016-06-06,295.62,296.49,290.99,291.95,1132399
2016-06-07,291.08,295.91,287.32,287.99,1020928
2016-06-08,287.99,287.99,283.16,284.9,1379781
2016-06-09,284.7,284.8,276.8,280.6,1296460
2016-06-10,280.0,281.0,273.9,275.2,1065921
2016-06-13,272.5,272.5,268.0,268.1,949103
2016-06-14,267.7,267.9,259.6,261.3,2178227
2016-06-15,262.8,269.0,259.7,269.0,2267948
2016-06-16,268.0,273.05,265.9,272.8,2145722
2016-06-17,271.8,281.7,271.4,280.7,2816797
2016-06-20,284.3,292.1,282.5,288.0,3043223
2016-06-21,289.4,291.3,287.0,290.1,4452285
2016-06-22,290.0,291.3,286.8,289.2,2439309
2016-06-23,285.8,296.0,284.45,290.6,2605530
2016-06-24,261.5,264.3,241.2,256.6,18251194
2016-06-27,252.7,253.8,232.8,233.1,4314251
2016-06-28,238.7,249.2,238.6,247.0,3471317
2016-06-29,248.4,254.9,247.7,254.0,3767011
2016-06-30,253.4,258.8,249.1,255.1,2462320
2016-07-01,256.7,259.3,253.3,257.7,1787288
2016-07-04,259.0,260.02,251.0,251.0,2656278
2016-07-05,249.6,251.7,238.0,239.0,2753960
2016-07-06,236.9,238.44,230.1,233.6,1826297
2016-07-07,236.0,241.6,235.57,238.6,1713073
2016-07-08,236.8,250.0,236.2,246.3,1845098
2016-07-11,246.4,257.8,246.4,255.5,2116511
2016-07-12,254.0,259.9,254.0,257.6,1967131
2016-07-13,260.0,261.9,256.2,256.2,1858548
2016-07-14,255.0,271.51,255.0,270.3,3967357
2016-07-15,267.5,273.0,264.25,271.7,1999966
2016-07-18,265.3,278.4,265.3,271.0,1521175
2016-07-19,267.7,273.11,264.8,265.9,1445962
2016-07-20,265.5,269.4,263.3,265.2,1050281
2016-07-21,264.6,267.6,261.24,263.5,1528088
2016-07-22,262.9,264.5,259.0,260.0,751343
2016-07-25,259.1,260.5,257.45,257.7,1607883
2016-07-26,258.3,258.3,253.3,255.2,985363
2016-07-27,254.6,258.2,254.3,257.3,1262738
2016-07-28,255.5,262.5,255.5,260.6,8027996
2016-07-29,259.2,263.24,255.1,257.3,1299123
2016-08-01,258.7,259.9,252.9,255.5,870181
2016-08-02,253.9,257.1,250.1,254.8,1005114
2016-08-03,254.7,256.6,253.0,254.7,560198
2016-08-04,253.6,256.7,253.2,253.5,862897
2016-08-05,256.1,262.3,254.1,261.4,5062686
2016-08-08,261.5,263.6,258.5,261.6,1706699
2016-08-09,260.8,264.2,260.0,263.9,6208740
2016-08-10,269.1,276.2,268.6,273.6,1430801
2016-08-11,274.0,279.7,270.0,278.9,3921919
2016-08-12,278.3,284.86,277.3,281.2,1169023
2016-08-15,282.7,282.7,274.7,278.6,2085949
2016-08-16,278.7,278.7,273.1,273.1,1253765
2016-08-17,275.9,275.9,271.8,272.6,1524628
2016-08-18,273.1,278.1,272.3,276.8,1505291
2016-08-19,275.6,278.0,273.3,277.6,3662217
2016-08-22,278.3,281.0,275.0,278.7,2340215
2016-08-23,280.7,284.0,278.0,282.7,786116
2016-08-24,281.4,284.6,280.7,283.7,2536856
2016-08-25,280.7,283.9,280.5,283.0,6717653
2016-08-26,282.1,284.7,281.7,282.6,2534941
2016-08-30,280.1,282.9,277.0,277.0,4470634
2016-08-31,277.7,277.7,274.0,275.4,3965387
2016-09-01,276.4,279.5,274.9,276.9,2727827
2016-09-02,276.9,279.5,274.8,278.0,2597692
2016-09-05,279.0,280.9,275.5,277.1,1927006
2016-09-06,277.8,279.4,276.0,277.3,3206162
2016-09-07,277.9,279.9,276.1,278.0,6269559
2016-09-08,279.0,279.4,276.5,277.5,5791146
2016-09-09,278.0,278.0,271.5,272.5,1993773
2016-09-12,269.2,271.6,265.5,269.1,2923324
2016-09-13,269.2,271.0,264.31,266.3,1410411
2016-09-14,266.6,267.5,261.2,261.6,1185745
2016-09-15,259.5,261.5,255.79,260.7,1922998
2016-09-16,259.8,262.5,257.3,259.7,19180620
2016-09-19,260.9,263.6,257.99,262.4,2631762
2016-09-20,261.9,265.5,261.5,263.2,1257004
2016-09-21,264.5,266.6,263.0,263.4,1564553
2016-09-22,264.1,267.2,263.2,263.7,1697702
2016-09-23,262.4,264.1,259.7,260.5,933232
2016-09-26,260.8,260.8,253.2,253.8,1298840
2016-09-27,254.3,255.8,248.98,251.7,1349029
2016-09-28,253.6,257.7,251.0,254.7,1222699
2016-09-29,255.7,256.3,252.2,254.0,3004919
2016-09-30,250.6,255.2,249.2,255.0,2326978
2016-10-03,255.0,256.6,251.7,254.0,1841214
2016-10-04,255.0,257.7,250.6,251.0,4849368
2016-10-05,250.7,252.8,248.5,251.2,2440657
2016-10-06,253.0,253.0,247.2,249.8,6443677
2016-10-07,251.4,252.2,242.8,244.3,3033785
2016-10-10,245.1,245.1,240.8,242.0,2958489
2016-10-11,240.0,243.1,237.7,241.6,2009737
2016-10-12,242.5,242.7,238.3,240.4,3757568
2016-10-13,240.1,242.0,233.9,236.4,8952819
2016-10-14,237.7,240.9,237.4,239.7,3532684
2016-10-17,237.8,243.1,235.3,237.5,2366564
2016-10-18,239.4,243.2,238.3,241.0,2092315
2016-10-19,240.2,242.6,235.2,240.0,2355864
2016-10-20,239.4,241.1,236.3,237.6,1656639
2016-10-21,238.4,239.9,237.6,238.5,1761737
2016-10-24,242.3,248.0,239.12,244.6,2164556
2016-10-25,244.2,245.42,238.4,238.8,1908375
2016-10-26,239.2,239.7,236.4,237.6,1865658
2016-10-27,236.0,241.2,234.8,240.2,3559096
2016-10-28,238.7,239.6,235.1,238.7,1836462
2016-10-31,236.9,239.39,233.8,234.6,1635044
2016-11-01,234.2,237.6,232.6,235.6,1182153
2016-11-02,234.0,237.0,233.2,233.9,1325564
2016-11-03,232.8,245.4,232.45,241.5,2706479
2016-11-04,239.8,240.5,232.7,234.7,1587364
2016-11-07,238.7,238.7,231.5,234.0,1489319
2016-11-08,232.2,236.3,231.8,232.5,1498477
2016-11-09,228.0,236.4,218.4,233.9,2028694
2016-11-10,235.8,239.9,232.72,235.6,2364882
2016-11-11,235.4,241.5,234.9,238.0,2046673
2016-11-14,237.5,243.7,235.9,239.1,2814772
2016-11-15,247.0,251.2,239.5,245.0,4150267
2016-11-16,251.4,261.2,250.0,256.0,4188062
2016-11-17,256.7,259.3,252.0,256.3,2640833
2016-11-18,258.0,260.7,256.2,257.0,4658699
2016-11-21,257.1,259.2,249.8,253.0,8234477
2016-11-22,255.1,256.5,253.3,255.4,1778442
2016-11-23,256.0,257.4,249.0,253.4,2670654
2016-11-24,249.1,253.3,249.0,250.3,1017192
2016-11-25,248.8,252.45,246.8,249.3,1946977
2016-11-28,250.2,253.17,245.3,248.7,1512930
2016-11-29,246.9,252.4,246.9,249.5,1336516
2016-11-30,250.2,251.0,246.8,249.0,1535474
2016-12-01,250.2,250.2,246.2,247.2,2037572
2016-12-02,245.9,247.3,243.0,243.0,2230746
2016-12-05,243.5,247.2,243.0,244.1,2249727
2016-12-06,245.4,245.4,240.6,241.2,1332761
2016-12-07,242.7,244.6,239.2,244.0,3137316
2016-12-08,246.1,251.2,243.9,250.8,4911661
2016-12-09,249.4,253.0,248.0,252.3,2130763
2016-12-12,253.8,255.0,251.8,253.2,2781919
2016-12-13,254.8,261.8,253.8,260.8,2283710
2016-12-14,262.9,268.8,261.4,261.8,9837647
2016-12-15,260.1,266.4,259.6,260.1,2910343
2016-12-16,261.6,267.0,259.6,266.1,2567909
2016-12-19,267.7,268.1,265.6,267.8,1716409
2016-12-20,268.9,270.3,264.4,268.0,2811445
2016-12-21,267.6,268.9,261.9,268.6,3209568
2016-12-22,269.4,271.1,268.3,271.1,2334176
2016-12-23,271.7,272.2,269.4,271.9,819342
2016-12-28,271.8,274.6,270.83,274.6,1319059
2016-12-29,273.2,276.2,273.1,273.7,830136
2016-12-30,275.0,278.0,273.46,278.0,1332515
2017-01-03,277.8,280.2,274.6,277.0,3062405
2017-01-04,286.4,307.8,285.1,303.2,14096947
2017-01-05,303.1,315.6,301.7,303.0,13152870
2017-01-06,305.0,307.5,300.1,301.8,1942085
2017-01-09,304.3,306.3,301.52,305.0,3381392
2017-01-10,308.1,308.1,301.7,303.1,3421608
2017-01-11,302.0,306.7,301.54,304.8,2892206
2017-01-12,302.1,305.6,299.2,300.9,2794172
2017-01-13,303.0,305.0,300.68,304.7,7489518
2017-01-16,303.6,303.9,299.7,300.0,1220778
2017-01-17,298.3,301.2,296.3,299.8,1728823
2017-01-18,300.0,303.8,299.0,301.8,2552571
2017-01-19,301.3,302.3,298.0,301.0,1447066
2017-01-20,299.1,301.7,298.2,299.2,1648999
2017-01-23,299.2,299.8,296.4,297.5,1686984
2017-01-24,297.2,299.9,294.0,295.6,1804134
2017-01-25,297.5,299.7,295.0,297.1,2927560
2017-01-26,298.0,301.5,297.2,301.5,4862835
2017-01-27,302.6,305.3,298.58,305.3,3314386
2017-01-30,303.8,304.4,297.4,299.2,5672926
2017-01-31,296.3,302.9,296.3,300.3,2510859
2017-02-01,302.9,307.6,301.1,304.8,8025702
2017-02-02,303.7,304.83,299.3,303.0,1257701
2017-02-03,303.9,308.2,303.9,306.6,3374756
2017-02-06,306.2,307.8,301.1,303.9,1466019
2017-02-07,301.9,306.5,301.9,304.6,2360853
2017-02-08,304.8,306.02,301.8,302.8,2894975
2017-02-09,303.8,303.8,301.2,302.6,1157744
2017-02-10,302.6,305.8,301.8,303.8,5077871
2017-02-13,303.6,305.1,302.8,303.9,973462
2017-02-14,305.5,306.1,300.4,302.3,2546480
2017-02-15,302.4,303.6,294.1,296.2,2253282
2017-02-16,296.9,297.2,292.8,295.6,3057880
2017-02-17,296.8,297.8,292.7,294.4,2710555
2017-02-20,296.2,299.6,295.3,297.2,1235157
2017-02-21,296.4,300.7,296.1,299.5,2220198
2017-02-22,299.5,300.9,296.1,298.4,1274568
2017-02-23,297.2,299.3,296.1,296.7,3420882
2017-02-24,296.0,296.7,292.4,293.4,1946246
2017-02-27,295.0,297.1,293.8,296.5,1984042
2017-02-28,298.2,299.1,294.8,298.2,1896336
2017-03-01,300.0,309.8,297.03,309.8,3233007
2017-03-02,311.0,311.0,300.4,304.9,2470121
2017-03-03,304.5,305.8,301.2,302.2,2694882
2017-03-06,302.6,302.6,299.6,301.7,2047256
2017-03-07,303.0,304.4,300.3,303.0,1145816
2017-03-08,304.6,306.5,302.3,305.8,1700705
2017-03-09,302.5,311.9,302.5,311.3,2231232
2017-03-10,311.0,312.7,308.8,309.7,2505290
2017-03-13,311.5,311.6,306.8,309.2,1537219
2017-03-14,308.8,308.9,304.7,306.0,1254492
2017-03-15,307.6,309.4,303.5,306.5,3616342
2017-03-16,308.9,311.1,305.1,305.5,3007474
2017-03-17,306.5,306.5,303.0,304.2,1709392
2017-03-20,304.4,305.3,302.9,303.7,1477342
2017-03-21,303.0,304.0,300.0,300.2,2148568
2017-03-22,300.0,300.7,295.04,299.3,4143561
2017-03-23,298.8,308.9,298.8,308.5,1768669
2017-03-24,308.3,308.3,305.1,306.1,2026796
2017-03-27,305.0,306.2,302.0,305.2,2684511
2017-03-28,305.0,307.3,302.4,302.5,4295286
2017-03-29,304.6,304.6,300.0,303.2,2574394
2017-03-30,302.6,304.0,299.1,299.3,2492820
2017-03-31,297.3,300.4,296.1,299.4,3202988
2017-04-03,301.5,304.6,299.9,302.1,1713590
2017-04-04,304.0,305.4,302.8,304.6,1600234
2017-04-05,307.2,307.68,303.0,305.7,1881051
2017-04-06,307.2,313.0,304.6,313.0,4674229
2017-04-07,309.9,318.9,304.5,316.7,2477069
2017-04-10,315.0,317.9,314.0,317.0,1212901
2017-04-11,317.0,320.3,315.0,319.2,1747692
2017-04-12,319.5,325.4,318.6,322.6,6309617
2017-04-13,323.0,325.7,321.9,323.7,2076886
2017-04-18,324.5,325.2,320.2,321.1,2559509
2017-04-19,320.7,332.9,320.7,328.0,9398700
2017-04-20,329.1,329.1,326.1,328.0,2635233
2017-04-21,328.5,330.2,326.9,329.7,3105146
2017-04-24,336.6,337.5,333.7,336.6,3504518
2017-04-25,338.1,339.4,334.8,337.9,1994464
2017-04-26,337.5,341.3,334.8,340.9,8659753
2017-04-27,339.8,340.5,335.8,338.2,2655892
2017-04-28,338.9,338.9,336.4,337.0,2144502
2017-05-02,337.4,342.8,337.4,342.3,3315005
2017-05-03,340.0,340.0,333.7,335.9,4047657
2017-05-04,335.5,340.1,335.4,338.6,3100072
2017-05-05,337.9,339.0,336.0,337.9,2841342
2017-05-08,338.5,339.9,336.9,338.7,3243720
2017-05-09,338.45,340.2,337.54,340.2,2897309
2017-05-10,340.7,345.5,339.8,344.2,12976090
2017-05-11,345.0,354.4,343.4,353.9,4628246
2017-05-12,354.9,360.8,353.6,359.9,2743200
2017-05-15,360.0,362.06,352.39,357.8,5019118
2017-05-16,357.3,358.0,355.9,356.5,2559148
2017-05-17,355.6,359.0,353.7,357.2,2541421
2017-05-18,356.6,360.3,355.0,358.2,3221607
2017-05-19,359.8,361.0,356.6,358.6,3482061
2017-05-22,360.0,363.9,357.2,363.3,7944383
2017-05-23,364.0,364.9,357.13,364.6,3865509
2017-05-24,362.9,368.9,361.84,368.7,2932141
2017-05-25,361.8,368.8,350.0,361.0,4971602
2017-05-26,362.9,372.2,362.4,367.7,7706619
2017-05-30,368.0,369.1,361.2,368.0,5827251
2017-05-31,367.0,369.0,360.9,364.3,2945720
2017-06-01,363.4,370.5,363.4,370.4,3692680
2017-06-02,363.4,364.13,354.9,361.3,155196592
2017-06-05,359.0,363.4,357.82,360.7,8714537
2017-06-06,360.4,362.1,357.25,357.7,5485579
2017-06-07,357.0,364.13,356.62,357.6,7413669
2017-06-08,358.4,359.9,356.0,358.2,5439102
2017-06-09,355.0,358.5,349.7,357.0,5235780
2017-06-12,355.9,358.3,349.7,350.2,3017956
2017-06-13,352.0,354.4,349.8,351.9,3940980
2017-06-14,351.4,353.0,349.5,349.8,6365607
2017-06-15,350.0,350.0,338.0,338.8,9230738
2017-06-16,340.0,346.9,339.4,340.0,11827676
2017-06-19,342.7,352.7,342.6,351.0,3618876
2017-06-20,351.8,352.6,344.6,345.1,3482634
2017-06-21,342.4,342.8,337.8,340.0,7136174
2017-06-22,336.9,336.95,333.5,335.3,2072933
2017-06-23,335.6,339.4,330.4,339.0,10699356
2017-06-26,340.5,341.7,338.4,338.6,3255601
2017-06-27,336.8,340.1,336.7,338.3,3628953
2017-06-28,337.9,342.0,337.2,341.5,3080378
2017-06-29,343.5,343.6,337.9,340.1,4951279
2017-06-30,340.5,341.9,337.5,338.7,3537174
2017-07-03,344.6,344.6,337.6,338.1,2817613
2017-07-04,338.4,338.6,333.7,336.6,2748342
2017-07-05,337.0,342.8,334.4,342.2,2313575
2017-07-06,343.5,348.9,340.5,347.0,4920296
2017-07-07,347.9,347.9,344.5,345.9,2394941
2017-07-10,345.2,347.3,342.8,344.0,2374875
2017-07-11,344.4,345.81,333.6,335.1,4634715
2017-07-12,351.8,355.2,339.5,340.6,10000959
2017-07-13,344.6,345.1,339.7,340.6,4891239
2017-07-14,347.8,347.8,343.2,344.7,4618229
2017-07-17,347.1,347.1,342.2,343.6,3764178
2017-07-18,343.9,347.5,342.8,342.9,5161241
2017-07-19,345.0,345.0,340.8,341.6,1725215
2017-07-20,341.5,343.0,337.6,339.6,2906112
2017-07-21,339.5,344.0,338.9,340.9,2470018
2017-07-24,355.0,358.5,349.98,357.5,20058836
2017-07-25,358.3,358.7,350.5,357.2,4572716
2017-07-26,355.7,358.3,353.7,357.5,2890225
2017-07-27,357.4,360.7,356.1,360.0,4196820
2017-07-28,358.0,359.8,356.1,359.4,2454030
2017-07-31,357.1,361.2,356.55,360.0,2808293
2017-08-01,362.4,362.5,357.7,359.7,1555128
2017-08-02,360.5,372.8,359.5,372.3,15215444
2017-08-03,374.9,377.1,369.8,371.2,3482304
2017-08-04,371.9,374.9,370.2,373.3,3362715
2017-08-07,376.0,377.39,371.88,375.9,2224878
2017-08-08,372.7,377.7,372.7,375.9,2254905
2017-08-09,376.3,380.8,371.4,380.6,3692345
2017-08-10,381.0,381.0,375.3,378.0,3733124
2017-08-11,373.1,375.8,370.8,373.7,2580741
2017-08-14,373.6,378.78,373.6,374.9,2505606
2017-08-15,373.6,377.2,373.6,375.8,1539510
2017-08-16,374.4,379.2,374.3,377.4,2440576
2017-08-17,376.0,377.8,374.0,375.0,1334825
2017-08-18,373.5,373.51,368.6,370.8,1340423
2017-08-21,368.4,372.2,368.4,371.6,1823205
2017-08-22,371.4,376.9,371.4,372.7,1727313
2017-08-23,371.9,377.0,371.5,375.1,2704215
2017-08-24,375.5,376.5,365.0,365.0,2752762
2017-08-25,367.0,370.4,358.6,358.6,4055908
2017-08-29,362.0,362.0,355.4,359.9,3248896
2017-08-30,362.4,363.5,358.8,363.1,1729990
2017-08-31,362.3,372.4,362.3,372.4,6371543
2017-09-01,371.7,373.3,367.1,369.9,2120670
2017-09-04,369.9,370.5,365.4,368.0,1104039
2017-09-05,369.3,370.78,366.9,368.6,2000627
2017-09-06,369.3,372.2,366.9,368.8,3469426
2017-09-07,370.0,372.3,367.6,370.1,1756362
2017-09-08,369.6,371.5,367.4,371.3,2383049
2017-09-11,371.3,371.7,365.8,369.9,1821464
2017-09-12,369.2,369.4,363.4,364.2,3755623
2017-09-13,364.9,367.9,362.8,367.3,1905642
2017-09-14,366.9,371.8,366.2,368.1,1523128
2017-09-15,368.1,371.54,366.5,371.5,3851292
2017-09-18,373.5,374.9,371.4,372.2,1730392
2017-09-19,372.2,374.8,371.6,374.0,2372901
2017-09-20,374.7,376.1,372.0,375.2,1251137
2017-09-21,373.4,375.9,373.4,375.3,2257454
2017-09-22,375.3,381.7,375.0,381.0,2835785
2017-09-25,379.9,383.8,378.5,383.0,2438390
2017-09-26,383.0,383.0,379.6,380.5,3586366
2017-09-27,381.0,384.6,380.6,383.6,6035440
2017-09-28,382.1,385.4,380.3,384.7,4014700
2017-09-29,386.0,389.1,386.0,387.6,3925915
2017-10-02,390.0,393.8,388.3,391.9,3138011
2017-10-03,390.9,396.5,390.2,396.1,3727718
2017-10-04,394.7,395.0,392.0,392.6,3874093
2017-10-05,394.2,396.57,392.4,396.2,5053931
2017-10-06,396.2,399.1,395.0,397.4,2894624
2017-10-09,398.0,400.56,396.4,397.0,2588920
2017-10-10,395.5,398.2,390.95,396.4,2647178
2017-10-11,395.6,397.9,395.6,397.5,3216359
2017-10-12,395.6,397.97,394.0,397.3,2296156
2017-10-13,395.5,396.5,393.9,394.0,2130695
2017-10-16,395.7,397.8,394.0,396.5,1802135
2017-10-17,398.8,398.8,393.3,395.9,1568727
2017-10-18,395.9,402.8,395.9,402.1,6072418
2017-10-19,400.3,402.17,398.0,401.0,10164855
2017-10-20,403.0,403.0,397.9,400.7,3312164
2017-10-23,400.0,404.7,400.0,403.3,1954737
2017-10-24,402.2,406.6,402.0,405.9,4357322
2017-10-25,405.0,411.8,404.5,408.0,2130343
2017-10-26,409.4,409.4,404.5,407.8,4942883
2017-10-27,408.0,408.0,400.7,401.1,2752772
2017-10-30,401.0,404.0,399.3,400.9,10975640
2017-10-31,402.9,404.0,397.26,397.3,2305031
2017-11-01,398.6,408.3,396.9,405.1,3894000
2017-11-02,405.1,407.8,399.06,407.2,3180202
2017-11-03,409.3,413.7,406.1,412.4,2939648
2017-11-06,411.9,412.83,407.2,410.9,4039372
2017-11-07,409.7,412.6,408.8,409.1,2992639
2017-11-08,411.0,411.2,405.4,407.4,2854269
2017-11-09,409.1,409.5,396.5,396.5,4225765
2017-11-10,399.2,399.5,392.6,393.4,3948913
2017-11-13,392.6,395.48,385.9,392.3,4108280
2017-11-14,389.2,395.0,375.4,380.9,6295867
2017-11-15,380.9,385.5,375.7,381.7,6198790
2017-11-16,382.8,392.15,381.0,387.5,5296697
2017-11-17,388.2,392.6,385.7,390.4,7169634
2017-11-20,391.9,399.0,390.2,398.8,4623959
2017-11-21,398.7,402.2,391.4,391.4,12495666
2017-11-22,393.5,402.19,388.6,393.7,7205846
2017-11-23,394.0,394.4,385.6,389.0,4345758
2017-11-24,390.7,391.3,387.9,389.1,3293626
2017-11-27,388.0,389.6,384.5,385.8,4216635
2017-11-28,385.8,386.8,379.9,382.0,4682740
2017-11-29,382.0,402.19,380.18,385.2,4137906
2017-11-30,385.0,386.2,380.2,381.9,6236891
2017-12-01,383.1,386.7,374.8,385.8,4037262
2017-12-04,389.6,390.3,379.98,385.1,3201234
2017-12-05,386.9,392.6,379.98,387.7,4228421
2017-12-06,386.1,389.9,381.1,389.6,5691341
2017-12-07,390.5,397.4,379.98,391.9,3873515
2017-12-08,392.6,397.24,379.98,395.4,3992542
2017-12-11,397.4,397.4,394.2,395.5,3077966
2017-12-12,395.5,398.1,395.1,397.0,3139867
2017-12-13,398.0,401.4,395.9,400.6,5383212
2017-12-14,398.0,401.8,397.7,399.7,2185798
2017-12-15,400.2,400.9,396.5,400.7,3968357
2017-12-18,403.2,405.0,379.98,402.0,2936599
2017-12-19,402.7,410.6,379.98,410.3,4084594
2017-12-20,410.3,414.2,407.2,412.5,3532906
2017-12-21,413.4,415.0,409.6,415.0,2086367
2017-12-22,414.6,414.9,411.6,414.3,855343
2017-12-27,411.9,415.5,409.5,415.0,1766374
2017-12-28,413.6,416.9,413.6,414.5,1299637
2017-12-29,413.4,423.6,413.4,423.6,1092862
2018-01-02,424.2,424.2,413.9,416.1,3500753
2018-01-03,418.3,420.6,415.4,417.7,5433657
2018-01-04,420.1,420.2,411.97,413.0,2997543
2018-01-05,413.2,414.7,410.38,413.0,2361743
2018-01-08,413.9,414.84,409.6,409.7,1988156
2018-01-09,411.9,412.7,401.0,401.0,3275213
2018-01-10,402.0,402.0,396.8,397.5,3121783
2018-01-11,398.1,400.1,392.3,396.9,5309474
2018-01-12,402.5,421.0,398.0,417.0,16399955
2018-01-15,415.0,419.7,413.3,415.0,6882211
2018-01-16,416.8,417.5,409.7,416.4,7217018
2018-01-17,415.5,419.1,412.4,417.0,6426661
2018-01-18,418.0,419.0,412.0,414.6,3049624
2018-01-19,415.7,419.86,412.9,413.8,2569616
2018-01-22,413.0,417.4,413.0,415.2,2548434
2018-01-23,416.4,420.6,414.1,415.6,2861209
2018-01-24,416.9,418.21,411.8,413.4,2719062
2018-01-25,413.0,415.4,409.8,413.0,2044672
2018-01-26,414.0,422.9,405.0,418.9,2555634
2018-01-29,421.6,422.8,418.5,420.0,3751615
2018-01-30,419.3,420.8,415.3,418.0,2978088
2018-01-31,418.2,420.9,411.1,415.9,2048745
2018-02-01,415.4,423.8,415.3,419.9,1865122
2018-02-02,420.6,420.9,412.5,414.7,2408313
2018-02-05,411.1,411.2,404.1,407.7,2700413
2018-02-06,397.8,408.0,392.0,403.0,3879424
2018-02-07,407.8,409.2,404.1,409.0,1783879
2018-02-08,408.2,416.0,407.5,407.5,3888995
2018-02-09,406.8,408.1,397.8,399.2,2698855
2018-02-12,401.7,405.8,400.4,404.3,2232237
2018-02-13,401.6,411.8,400.3,409.2,4196510
2018-02-14,412.0,421.0,411.3,419.3,4293486
2018-02-15,422.8,430.9,422.8,425.5,5565750
2018-02-16,425.9,432.6,425.1,432.6,2789437
2018-02-19,433.2,436.2,428.8,430.2,1950253
2018-02-20,432.0,434.9,429.7,434.8,1987255
2018-02-21,433.0,434.9,421.4,433.9,4247083
2018-02-22,429.2,432.03,421.8,425.6,2541294
2018-02-23,423.9,425.76,419.3,425.4,1905276
2018-02-26,428.1,429.43,420.0,421.0,2082411
2018-02-27,424.0,424.5,417.3,422.0,3419136
2018-02-28,420.6,421.0,412.9,412.9,2090486
2018-03-01,411.1,415.7,410.7,414.4,3056587
2018-03-02,412.7,416.9,411.5,415.0,1855076
2018-03-05,415.7,418.6,414.2,416.8,1919878
2018-03-06,419.8,427.2,416.8,423.5,2430299
2018-03-07,422.0,426.1,419.6,420.7,2542193
2018-03-08,421.9,424.7,418.3,421.3,2319129
2018-03-09,422.2,425.5,420.6,423.8,1691375
2018-03-12,424.3,428.1,418.6,420.8,2743294
2018-03-13,419.6,419.6,415.4,417.0,7010452
2018-03-14,417.1,420.4,414.4,416.6,6463708
2018-03-15,418.2,424.2,415.9,423.4,2676857
2018-03-16,422.1,424.0,414.3,414.3,13156515
2018-03-19,415.2,415.2,410.2,413.0,1934267
2018-03-20,413.2,417.2,413.2,416.0,2176484
2018-03-21,414.2,421.3,412.4,415.9,7652405
2018-03-22,414.6,416.5,400.2,403.2,3647765
2018-03-23,402.9,403.3,396.8,400.8,2791072
2018-03-26,401.0,404.5,395.5,396.3,2300035
2018-03-27,400.0,403.9,398.9,398.9,2406588
2018-03-28,397.8,400.4,391.8,395.4,2383793
2018-03-29,392.7,398.4,391.3,391.3,3762543
2018-04-03,390.7,394.9,386.9,391.5,7353538
2018-04-04,392.8,392.8,386.3,388.0,3947798
2018-04-05,394.0,397.8,392.6,396.0,2894731
2018-04-06,389.4,394.47,383.8,388.1,5359763
2018-04-09,391.9,391.9,386.31,388.9,3885417
2018-04-10,392.3,392.3,388.4,390.5,3707457
2018-04-11,390.7,393.0,388.1,390.0,6133149
2018-04-12,390.6,392.4,389.6,390.5,2519760
2018-04-13,393.4,393.6,389.6,390.6,2341408
2018-04-16,392.4,393.6,388.7,389.8,1590655
2018-04-17,391.6,391.6,387.1,389.6,2927648
2018-04-18,389.4,392.17,387.3,391.1,2634996
2018-04-19,391.0,392.0,388.9,392.0,3576726
2018-04-20,393.4,401.1,392.1,399.4,3650555
2018-04-23,399.4,399.4,395.1,397.1,3013893
2018-04-24,399.0,403.3,397.7,401.4,3193063
2018-04-25,397.4,402.4,397.4,401.2,3187081
2018-04-26,401.2,404.5,401.2,403.7,18222204
2018-04-27,405.9,407.8,402.5,406.5,1824517
2018-04-30,407.8,409.7,405.3,405.3,2596766
2018-05-01,405.6,406.0,388.9,390.1,4228784
2018-05-02,390.5,391.08,374.5,383.5,7019209
2018-05-03,383.5,384.8,378.2,379.7,2958416
2018-05-04,381.9,383.4,378.8,379.0,1929397
2018-05-08,380.0,384.6,378.8,380.5,4739542
2018-05-09,380.5,389.5,380.2,387.8,5644059
2018-05-10,390.1,390.9,384.3,384.3,2387482
2018-05-11,386.7,386.7,376.6,379.6,3710481
2018-05-14,380.0,380.1,376.6,378.0,2550046
2018-05-15,376.0,381.8,375.6,381.0,2975719
2018-05-16,382.1,382.1,378.9,379.0,1970915
2018-05-17,379.6,385.2,379.55,380.6,2695185
2018-05-18,380.9,383.0,376.9,377.9,3122457
2018-05-21,379.5,382.1,377.97,380.0,3234952
2018-05-22,379.0,384.9,377.7,383.9,3544453
2018-05-23,384.4,388.6,380.8,385.0,2685460
2018-05-24,386.1,387.2,381.7,386.2,2959645
2018-05-25,389.0,392.3,385.1,386.8,3573810
2018-05-29,384.0,384.0,372.61,373.0,5383520
2018-05-30,365.0,392.8,360.0,389.9,6866380
2018-05-31,393.7,407.6,393.7,403.0,7614689
2018-06-01,404.1,413.7,404.1,408.4,5171242
2018-06-04,410.3,413.8,405.1,405.1,3618848
2018-06-05,412.3,412.3,405.7,409.9,3139489
2018-06-06,409.9,415.8,407.0,415.8,3363273
2018-06-07,416.7,421.5,414.6,418.8,3191158
2018-06-08,416.9,421.3,416.0,419.1,3458087
2018-06-11,422.4,423.5,418.64,419.4,3854680
2018-06-12,419.6,422.5,418.5,421.9,2829008
2018-06-13,420.1,420.2,414.2,415.0,9633082
2018-06-14,410.4,419.8,410.4,418.6,10063344
2018-06-15,419.7,419.7,413.6,415.0,3310721
2018-06-18,414.6,416.9,412.8,416.2,1708659
2018-06-19,415.0,416.1,411.2,411.4,2178586
2018-06-20,415.0,416.8,411.4,414.0,4020296
2018-06-21,415.8,417.2,411.9,412.4,2290177
2018-06-22,413.9,420.0,411.1,417.0,2316451
2018-06-25,414.9,417.9,410.1,410.1,1432717
2018-06-26,413.4,415.3,408.4,408.4,1816322
2018-06-27,412.2,413.9,406.7,410.5,6218164
2018-06-28,405.6,407.2,401.3,403.3,2647877
2018-06-29,408.3,408.3,403.6,404.1,2647992
2018-07-02,401.9,403.4,396.6,400.4,1945955
2018-07-03,403.7,405.0,400.3,402.6,2831943
2018-07-04,402.7,405.88,399.8,405.6,2270588
2018-07-05,406.8,408.1,402.6,405.9,1861102
2018-07-06,406.2,408.36,403.7,404.5,1664419
2018-07-09,407.1,411.9,406.5,411.0,2349954
2018-07-10,411.5,416.6,411.4,414.0,2186964
2018-07-11,413.9,415.4,410.6,414.4,2007534
2018-07-12,413.1,426.1,406.0,423.7,4094286
2018-07-13,427.2,430.7,420.8,420.8,3636904
2018-07-16,421.8,424.8,415.4,416.0,3006629
2018-07-17,416.4,419.6,413.4,414.6,2919711
2018-07-18,417.5,419.8,414.3,415.2,1510157
2018-07-19,415.5,418.0,413.7,416.6,4437131
2018-07-20,416.0,419.0,413.7,417.8,1349367
2018-07-23,414.9,418.4,414.7,417.0,1646779
2018-07-24,417.6,418.4,410.6,411.0,2608487
2018-07-25,418.4,436.4,418.0,425.4,2675342
2018-07-26,424.2,427.0,417.0,417.0,1940086
2018-07-27,419.9,419.9,414.9,415.8,1274253
2018-07-30,412.9,415.2,412.9,413.5,1038826
2018-07-31,415.5,415.5,410.5,412.7,2025315
2018-08-01,410.4,415.5,409.99,415.0,1571237
2018-08-02,415.3,421.0,414.9,418.0,2482693
2018-08-03,419.0,419.0,415.8,416.0,1186575
2018-08-06,415.0,419.0,411.4,415.4,1413567
2018-08-07,417.2,417.4,413.8,414.1,1572294
2018-08-08,416.0,418.6,414.6,417.0,1292373
2018-08-09,420.9,422.39,417.9,419.0,1426049
2018-08-10,419.4,419.4,414.1,416.0,1970528
2018-08-13,416.2,416.8,409.8,411.0,1045714
2018-08-14,409.7,411.3,407.4,409.1,1442484
2018-08-15,409.4,410.8,403.2,405.9,1399251
2018-08-16,406.7,411.2,406.0,406.6,1219687
2018-08-17,409.0,409.0,402.9,404.5,992784
2018-08-20,402.9,408.2,402.58,406.0,975726
2018-08-21,406.0,411.9,406.0,410.0,1070938
2018-08-22,410.7,412.2,408.0,409.1,960917
2018-08-23,410.7,413.6,408.9,410.0,752992
2018-08-24,408.5,410.13,406.0,407.0,1313695
2018-08-28,409.5,411.2,406.4,406.4,1322597
2018-08-29,411.4,412.1,408.2,410.1,2357920
2018-08-30,409.3,417.4,406.9,408.2,1107084
2018-08-31,409.8,415.7,406.5,412.5,2512198
2018-09-03,415.0,417.5,412.9,414.7,1492029
2018-09-04,416.0,416.6,405.8,407.8,1383769
2018-09-05,405.2,410.2,402.1,403.9,1717099
2018-09-06,405.0,409.57,399.8,406.4,2747609
2018-09-07,408.3,408.3,402.7,406.3,1867181
2018-09-10,407.2,408.6,404.8,407.1,1485973
2018-09-11,407.2,412.4,407.2,410.3,1413662
2018-09-12,413.2,419.4,412.5,418.2,1393485
2018-09-13,418.0,420.0,416.4,417.4,1710158
2018-09-14,419.4,422.0,415.0,415.5,1594953
2018-09-17,411.6,415.5,411.5,412.7,1631170
2018-09-18,414.4,414.4,410.4,411.3,5332433
2018-09-19,413.0,413.0,409.1,412.0,2777244
2018-09-20,412.5,413.5,407.2,408.5,4368751
2018-09-21,405.4,410.9,403.0,403.0,3397791
2018-09-24,405.2,417.88,393.9,394.0,2548541
2018-09-25,395.7,397.1,392.2,392.2,2609424
2018-09-26,392.0,394.5,387.9,387.9,2426051
2018-09-27,388.8,389.96,384.0,386.8,3218059
2018-09-28,385.4,392.1,384.9,386.8,6401750
2018-10-01,387.4,397.2,386.9,393.4,2621892
2018-10-02,392.8,394.9,386.3,387.0,2231047
2018-10-03,388.5,388.6,383.2,385.9,3335915
2018-10-04,387.1,388.09,382.9,383.7,3936936
2018-10-05,383.9,383.9,375.1,381.9,2965241
2018-10-08,382.8,385.13,380.63,381.5,2172367
2018-10-09,383.4,383.4,379.0,381.1,1997479
2018-10-10,382.0,393.6,381.2,392.7,3081811
2018-10-11,389.3,391.9,383.8,385.7,5125196
2018-10-12,388.0,403.9,387.85,396.5,3291634
2018-10-15,394.4,395.3,386.4,392.0,2567680
2018-10-16,391.7,398.2,389.6,395.7,2859820
2018-10-17,395.0,397.8,391.5,392.4,1924739
2018-10-18,393.8,393.8,389.1,389.5,2254826
2018-10-19,388.5,392.77,384.1,385.4,1582138
2018-10-22,389.8,409.6,387.8,402.1,3397847
2018-10-23,402.4,403.5,387.3,390.9,2494878
2018-10-24,393.1,396.8,389.2,395.2,2504645
2018-10-25,395.0,406.7,391.8,403.9,1461624
2018-10-26,403.6,407.4,393.2,396.4,1841214
2018-10-29,398.8,406.7,397.1,403.0,2378267
2018-10-30,405.4,411.9,404.4,411.9,1916424
2018-10-31,413.2,422.7,413.11,416.8,2217757
2018-11-01,413.9,427.8,413.73,424.0,2872789
2018-11-02,426.6,430.0,423.3,425.4,1878969
2018-11-05,422.9,431.0,419.82,423.0,1518708
2018-11-06,423.4,426.0,413.3,413.3,2181417
2018-11-07,415.5,422.7,415.5,418.4,2850838
2018-11-08,422.1,427.2,420.0,426.3,2324953
2018-11-09,423.0,426.6,422.5,426.0,1543460
2018-11-12,427.4,427.43,405.0,405.0,3420454
2018-11-13,352.0,386.7,352.0,374.4,7845810
2018-11-14,373.6,380.4,368.3,373.6,3613454
2018-11-15,375.5,378.74,350.7,355.7,6648134
2018-11-16,355.4,362.0,351.42,351.7,9034029
2018-11-19,349.1,353.3,344.2,345.2,2396005
2018-11-20,344.6,354.8,343.2,350.3,2478637
2018-11-21,353.4,353.4,346.1,351.8,2411621
2018-11-22,346.4,349.8,335.4,345.3,3169963
2018-11-23,342.7,348.0,342.4,344.4,1548124
2018-11-26,346.2,347.0,341.9,344.4,2461707
2018-11-27,345.5,348.1,341.7,348.1,2136651
2018-11-28,348.1,353.0,346.5,349.9,2287602
2018-11-29,353.4,359.9,352.4,358.9,3314229
2018-11-30,358.3,358.3,349.3,349.3,2414321
2018-12-03,357.1,359.5,341.8,344.2,2191172
2018-12-04,340.7,345.3,337.7,340.0,2564691
2018-12-05,336.9,348.9,334.0,339.5,2297150
2018-12-06,339.2,341.26,331.5,335.2,2956458
2018-12-07,335.7,340.2,323.88,324.6,18244220
2018-12-10,321.1,325.34,314.5,316.4,4376745
2018-12-11,316.6,318.4,311.4,315.0,3152956
2018-12-12,316.9,316.9,310.2,313.0,2397625
2018-12-13,310.6,314.9,304.5,307.5,2276830
2018-12-14,304.9,305.6,298.8,299.9,2427366
2018-12-17,301.3,301.3,281.8,285.2,3712677
2018-12-18,283.9,295.0,283.9,289.1,11993074
2018-12-19,288.9,290.6,286.3,286.8,2793836
2018-12-20,282.4,290.1,279.82,285.0,3444289
2018-12-21,284.1,287.6,281.5,283.6,3708198
2018-12-24,280.7,289.77,279.37,283.0,472369
2018-12-27,286.5,289.12,277.7,278.6,1380954
2018-12-28,278.4,281.8,278.4,280.1,2401377
2018-12-31,281.9,284.3,280.3,281.5,616485
2019-01-02,280.8,286.9,279.1,284.7,1701041
2019-01-03,286.8,289.2,282.9,283.7,3943573
2019-01-04,284.7,299.8,282.85,297.5,9294750
2019-01-07,303.7,310.2,298.5,306.5,6562888
2019-01-08,305.0,312.5,304.0,309.8,4047127
2019-01-09,312.8,321.9,308.2,310.7,3779641
2019-01-10,300.0,316.5,298.0,311.0,5877352
2019-01-11,311.0,314.5,302.2,309.3,4108860
2019-01-14,307.3,310.8,305.7,308.9,3781005
2019-01-15,309.2,315.3,306.2,310.5,4513023
2019-01-16,311.6,314.4,310.0,314.3,4031583
2019-01-17,314.4,317.2,308.7,313.4,3789991
2019-01-18,316.6,326.0,314.5,323.0,5085664
2019-01-21,322.9,323.35,314.9,319.2,1969346
2019-01-22,320.0,324.4,319.86,323.8,3008667
2019-01-23,323.4,330.5,321.7,325.1,3112911
2019-01-24,325.6,332.6,325.45,329.3,3206603
2019-01-25,330.0,333.6,329.3,333.3,2908066
2019-01-28,330.5,333.7,325.8,325.8,2424615
2019-01-29,328.3,332.7,325.6,327.9,2116787
2019-01-30,330.0,331.1,325.5,328.8,1913006
2019-01-31,327.8,331.2,323.7,324.2,2558264
2019-02-01,324.2,328.9,323.8,327.0,1921001
2019-02-04,329.3,331.0,323.2,328.7,1698234
2019-02-05,326.9,330.4,324.77,330.4,2621863
2019-02-06,327.7,332.7,326.07,329.8,1932689
2019-02-07,329.0,329.55,322.0,325.8,11985545
2019-02-08,323.0,324.5,316.3,317.7,4632917
2019-02-11,317.9,326.7,315.6,324.6,3752804
2019-02-12,327.6,331.0,322.3,325.3,2315909
2019-02-13,325.8,331.5,325.6,326.7,2640752
2019-02-14,328.4,331.6,323.8,326.4,2891869
2019-02-15,327.9,327.9,321.7,326.1,1837331
2019-02-18,326.3,339.3,324.9,336.4,2074993
2019-02-19,335.0,335.9,329.8,335.9,2849534
2019-02-20,336.0,342.8,333.8,342.8,2495974
2019-02-21,342.5,346.4,342.2,345.0,3484747
2019-02-22,345.0,346.1,342.1,345.2,2112506
2019-02-25,343.8,346.7,340.16,343.4,2234658
2019-02-26,342.8,351.4,342.07,351.4,4710941
2019-02-27,349.5,352.91,347.1,349.9,4088506
2019-02-28,349.3,353.5,345.6,353.5,2445045
2019-03-01,361.0,367.3,347.9,367.3,4651777
2019-03-04,368.5,369.6,364.3,367.5,2699534
2019-03-05,358.3,369.6,355.35,367.0,2562337
2019-03-06,364.9,369.4,364.9,366.2,2276644
2019-03-07,364.4,367.4,357.0,362.6,1935514
2019-03-08,359.7,364.9,357.5,364.9,2867438
2019-03-11,364.0,365.38,360.9,364.6,1903064
2019-03-12,364.7,371.1,364.6,367.9,2024166
2019-03-13,367.0,370.0,362.9,369.5,1605494
2019-03-14,367.8,380.6,367.8,374.0,2314407
2019-03-15,376.4,383.7,376.4,381.1,2957797
2019-03-18,382.6,389.5,381.3,389.1,1966193
2019-03-19,386.3,390.1,384.6,387.6,3733547
2019-03-20,386.4,389.0,380.2,380.2,2190180
2019-03-21,379.9,379.9,371.3,377.6,2790661
2019-03-22,378.7,383.4,374.0,374.0,1806108
2019-03-25,373.1,374.1,366.7,369.0,2301991
2019-03-26,370.9,370.9,364.79,370.3,3148602
2019-03-27,370.0,372.7,366.9,370.4,3074126
2019-03-28,368.0,375.8,367.62,371.3,3013987
2019-03-29,371.8,377.5,371.12,373.6,2547579
2019-04-01,376.8,382.2,371.3,372.7,1989363
2019-04-02,381.3,381.9,374.8,380.4,2924001
2019-04-03,386.7,390.3,382.6,387.7,3579080
2019-04-04,385.4,388.2,380.7,382.6,1962183
2019-04-05,385.6,386.4,382.6,385.9,1131639
2019-04-08,387.4,388.3,382.8,384.6,1326331
2019-04-09,384.7,387.9,381.1,381.1,5430418
2019-04-10,383.7,390.0,378.7,390.0,4036742
2019-04-11,390.0,395.6,388.8,395.6,1613913
2019-04-12,395.4,396.7,392.1,392.1,1109960
2019-04-15,394.6,398.5,390.4,396.0,1056632
2019-04-16,397.0,402.5,395.6,399.6,1746296
2019-04-17,400.0,401.1,397.5,398.0,1346899
2019-04-18,398.0,399.84,395.6,396.0,1677885
2019-04-23,397.9,399.2,392.6,395.0,2639879
2019-04-24,393.6,397.4,393.6,395.0,2092663
2019-04-25,397.0,400.2,392.9,394.5,3298008
2019-04-26,397.9,399.1,394.2,394.5,2530910
2019-04-29,393.1,396.9,391.6,394.8,2529958
2019-04-30,396.7,398.9,393.7,394.5,2037111
2019-05-01,397.7,400.4,395.5,396.5,1119081
2019-05-02,396.4,396.4,387.8,388.0,1497086
2019-05-03,389.2,392.86,387.3,390.6,1463006
2019-05-07,392.0,393.3,383.9,386.5,1407202
2019-05-08,387.7,390.8,384.0,386.6,1507690
2019-05-09,384.5,387.5,383.1,384.2,1161851
2019-05-10,385.4,390.8,385.4,386.3,1543703
2019-05-13,386.7,386.8,380.3,380.6,833474
2019-05-14,383.9,387.8,382.71,386.8,1344537
2019-05-15,388.0,390.2,386.4,388.0,1277501
2019-05-16,388.2,389.6,386.3,387.8,923293
2019-05-17,386.2,387.0,383.11,385.2,989233
2019-05-20,386.6,387.2,379.3,381.8,1468770
2019-05-21,384.0,387.4,382.9,383.9,2052128
2019-05-22,386.1,386.1,376.1,380.0,2552055
2019-05-23,370.0,385.9,357.6,362.9,4160928
2019-05-24,361.9,365.0,347.2,347.5,5090845
2019-05-28,348.9,369.5,348.3,362.0,3700339
2019-05-29,359.1,364.5,353.6,355.5,2034657
2019-05-30,354.4,359.1,354.4,357.0,1603443
2019-05-31,353.9,356.3,351.1,352.7,1836604
2019-06-03,351.6,353.3,349.4,351.5,3170913
2019-06-04,352.6,355.5,348.5,350.9,2939508
2019-06-05,351.5,354.6,348.4,351.0,3959034
2019-06-06,350.6,355.0,345.0,346.7,1234169
2019-06-07,345.3,347.12,343.4,344.8,1334500
2019-06-10,344.0,346.55,342.4,344.0,1112058
2019-06-11,344.1,345.3,339.9,342.5,2194519
2019-06-12,340.4,344.3,335.37,335.4,7254323
2019-06-13,335.0,335.68,331.1,331.4,1952699
2019-06-14,330.5,332.8,328.5,329.8,2324309
2019-06-17,330.6,334.2,329.9,333.6,2563753
2019-06-18,332.5,334.4,330.2,333.9,2370235
2019-06-19,333.2,336.53,331.5,334.8,5452354
2019-06-20,331.7,333.07,326.6,327.5,2498810
2019-06-21,326.6,327.7,320.9,323.2,4240768
2019-06-24,321.9,325.7,315.0,315.0,2069935
2019-06-25,313.9,317.3,313.1,316.0,1848047
2019-06-26,315.6,319.7,315.6,318.3,2021795
2019-06-27,323.0,332.3,323.0,330.6,2860006
2019-06-28,333.3,337.7,332.1,333.3,2410951
2019-07-01,337.4,342.5,330.5,339.2,3293072
2019-07-02,342.3,342.3,331.9,333.9,2082509
2019-07-03,333.9,337.4,332.88,337.1,1483980
2019-07-04,338.5,343.3,337.5,338.8,1706158
2019-07-05,341.0,352.1,337.3,343.0,1525631
2019-07-08,344.1,344.1,333.2,337.9,2386903
2019-07-09,338.4,338.4,331.1,335.2,1735933
2019-07-10,337.0,339.6,334.7,335.5,1080212
2019-07-11,336.4,338.7,333.6,336.7,1520484
2019-07-12,337.1,343.3,337.1,342.6,2773414
2019-07-15,343.2,351.1,340.6,350.7,3477542
2019-07-16,351.6,357.9,348.9,355.2,3036636
2019-07-17,355.8,358.9,354.8,357.0,4421946
2019-07-18,355.0,357.8,351.7,357.4,2614597
2019-07-19,355.8,357.8,352.2,355.0,3333957
2019-07-22,356.9,360.5,356.4,358.0,1692378
2019-07-23,360.9,360.9,350.4,357.1,2009576
2019-07-24,361.3,386.5,357.7,375.3,4427073
2019-07-25,377.9,379.78,369.8,377.6,2644245
2019-07-26,379.7,382.1,375.18,380.5,2319551
2019-07-29,382.7,383.8,374.89,376.0,1701471
2019-07-30,379.2,379.2,368.8,368.8,1885047
2019-07-31,369.9,372.6,367.2,370.0,1737483
2019-08-01,366.3,371.4,362.6,363.0,2000573
2019-08-02,359.4,361.5,353.8,355.4,1300069
2019-08-05,353.0,354.5,348.94,349.0,1579741
2019-08-06,349.8,354.04,347.8,348.9,1388771
2019-08-07,351.6,352.2,343.7,347.0,1305686
2019-08-08,351.8,352.0,346.9,349.2,1073478
2019-08-09,349.5,350.5,347.52,349.0,866743
2019-08-12,351.7,351.7,344.2,347.5,1499988
2019-08-13,348.0,348.3,341.3,346.0,1047224
2019-08-14,347.8,348.25,343.5,344.0,1975870
2019-08-15,346.2,346.28,332.0,336.8,2220915
2019-08-16,343.2,345.7,334.7,339.9,2004140
2019-08-19,340.9,348.0,340.7,348.0,2579575
2019-08-20,346.4,350.8,345.7,348.1,2588499
2019-08-21,348.3,352.8,348.3,350.0,1745269
2019-08-22,351.0,362.5,346.9,361.0,3521165
2019-08-23,362.4,363.6,355.0,355.0,1601230
2019-08-27,354.3,367.8,352.6,365.1,3325632
2019-08-28,362.8,363.64,353.2,354.8,1798465
2019-08-29,353.7,356.7,351.7,354.8,1483642
2019-08-30,354.9,361.5,352.4,357.8,1574581
2019-09-02,359.7,363.3,359.4,360.9,762796
2019-09-03,363.5,365.0,345.1,346.9,5084237
2019-09-04,349.8,361.5,349.7,357.5,1921482
2019-09-05,359.4,378.2,358.04,373.9,2068465
2019-09-06,375.4,378.1,371.2,375.4,1047457
2019-09-09,373.2,378.8,372.8,374.3,1647028
2019-09-10,377.9,382.9,374.6,382.9,1202445
2019-09-11,383.1,389.6,381.0,387.0,1433022
2019-09-12,386.9,389.9,381.7,381.7,1799002
2019-09-13,382.4,388.1,381.7,385.0,1427040
2019-09-16,386.8,386.8,376.9,376.9,2099583
2019-09-17,376.0,378.0,373.4,373.4,1542030
2019-09-18,374.0,377.2,372.5,374.5,1415684
2019-09-19,372.0,376.5,370.3,374.1,1336711
2019-09-20,373.8,388.1,373.8,380.2,3904755
2019-09-23,382.4,382.8,371.4,379.4,1583728
2019-09-24,379.2,386.6,375.5,383.1,1783710
2019-09-25,382.0,382.0,374.7,379.0,1342301
2019-09-26,381.8,382.5,375.8,378.4,1068946
2019-09-27,378.4,387.8,377.4,386.5,1046749
2019-09-30,385.7,386.8,377.6,379.4,1434506
2019-10-01,382.5,385.8,377.87,377.9,2156274
2019-10-02,377.5,379.0,368.8,372.5,4021296
2019-10-03,377.8,377.8,362.8,368.0,1925267
2019-10-04,368.0,368.5,363.3,366.8,986917
2019-10-07,364.9,365.02,352.3,356.1,2086238
2019-10-08,358.5,358.5,346.7,349.3,2659850
2019-10-09,352.6,352.6,346.5,346.6,1729575
2019-10-10,346.9,348.7,340.4,347.7,4374975
2019-10-11,349.0,389.1,348.6,379.9,7439146
2019-10-14,379.5,379.6,367.0,376.6,2076720
2019-10-15,380.0,393.8,379.4,388.4,8548144
2019-10-16,387.8,387.8,376.0,382.2,2271524
2019-10-17,382.5,391.7,378.53,381.3,3420053
2019-10-18,382.5,386.9,379.4,382.3,2509278
2019-10-21,379.6,383.6,376.8,376.8,1890406
2019-10-22,379.7,379.7,371.1,371.7,1567063
2019-10-23,369.0,371.7,362.1,363.0,2499663
2019-10-24,365.2,366.1,359.2,362.5,1887334
2019-10-25,363.2,366.2,360.0,366.2,2171211
2019-10-28,364.5,367.9,360.4,366.8,2083265
2019-10-29,366.2,369.6,363.6,369.6,1986497
2019-10-30,367.7,368.42,364.0,366.2,1665686
2019-10-31,366.0,371.7,363.6,370.3,2578851
2019-11-01,370.3,375.6,368.7,375.6,2537789
2019-11-04,375.5,383.2,374.0,382.4,2587958
2019-11-05,380.8,382.9,372.4,377.1,1712058
2019-11-06,376.0,377.8,365.9,368.3,2332336
2019-11-07,370.3,375.5,368.8,375.5,2682508
2019-11-08,370.9,376.8,370.9,373.2,1414423
2019-11-11,370.9,378.4,370.2,378.0,2011968
2019-11-12,351.0,360.0,336.6,356.8,9465429
2019-11-13,351.8,377.5,351.8,372.0,6190384
2019-11-14,373.9,374.0,367.9,371.4,3930573
2019-11-15,370.4,377.8,369.7,377.8,4003414
2019-11-18,375.8,388.7,375.8,386.6,2361189
2019-11-19,381.1,392.2,381.1,387.0,2780570
2019-11-20,388.8,388.8,378.1,383.4,2511327
2019-11-21,376.3,378.72,362.3,369.0,2713083
2019-11-22,372.8,376.6,369.6,373.9,1493317
2019-11-25,372.3,383.3,372.3,380.5,2112373
2019-11-26,379.1,387.5,379.1,382.3,2311504
2019-11-27,381.1,381.6,375.0,377.3,3349207
2019-11-28,378.5,385.2,377.06,385.2,1753772
2019-11-29,379.7,386.3,378.2,378.2,1539816
2019-12-02,378.2,386.0,378.2,380.8,3130172
2019-12-03,377.7,382.2,371.5,376.2,2094262
2019-12-04,375.6,383.1,374.32,380.9,1445566
2019-12-05,381.1,386.2,379.03,383.3,1632501
2019-12-06,383.2,390.0,382.86,387.2,1800956
2019-12-09,389.0,396.2,388.5,396.2,2024263
2019-12-10,396.6,397.2,387.0,388.3,1616190
2019-12-11,386.3,391.1,380.5,390.3,1881954
2019-12-12,387.8,393.2,386.8,391.4,2013279
2019-12-13,410.0,439.9,408.5,409.7,5875072
2019-12-16,412.0,423.8,407.7,420.9,7372646
2019-12-17,420.0,420.52,405.9,409.5,2568839
2019-12-18,403.9,414.7,403.9,411.9,5078953
2019-12-19,415.6,415.6,406.6,408.3,2716561
2019-12-20,407.3,408.5,400.8,405.0,2454669
2019-12-23,407.1,413.3,403.08,407.8,878445
2019-12-24,409.9,417.7,409.6,417.7,390013
2019-12-27,418.0,421.3,414.7,416.4,888130
2019-12-30,414.8,417.5,411.4,412.0,2025475
2019-12-31,414.0,417.72,409.6,409.6,469295
2020-01-02,411.8,420.1,402.1,405.5,1885183
2020-01-03,402.1,404.9,399.7,400.8,1535693
2020-01-06,396.8,403.64,396.15,403.4,1551805
2020-01-07,402.7,407.7,401.88,405.0,1335123
2020-01-08,400.0,406.2,398.5,405.2,11489152
2020-01-09,406.1,410.62,397.2,397.2,5998537
2020-01-10,369.9,377.8,359.66,373.0,8464660
2020-01-13,375.9,381.5,368.0,372.3,3527732
2020-01-14,371.6,382.2,371.26,382.2,3195111
2020-01-15,382.6,384.78,374.8,376.9,3037327
2020-01-16,381.4,382.6,377.0,380.8,2959360
2020-01-17,384.2,384.7,379.7,382.5,2260386
2020-01-20,379.1,382.7,374.5,375.7,963016
2020-01-21,374.1,375.42,371.4,374.7,1226268
2020-01-22,376.0,379.2,374.5,376.0,1050372
2020-01-23,375.1,379.2,373.7,374.5,2746158
2020-01-24,375.0,383.4,375.0,378.0,2269115
2020-01-27,375.3,375.3,367.2,370.9,1588831
2020-01-28,370.9,375.0,367.6,375.0,1637108
2020-01-29,375.7,378.7,373.8,375.1,1297381
2020-01-30,372.3,378.2,367.8,370.6,2312318
2020-01-31,370.7,374.2,363.7,363.7,3300616
2020-02-03,364.2,369.6,355.9,356.2,5980715
2020-02-04,358.0,370.4,357.9,368.9,3271027
2020-02-05,370.6,372.0,362.5,363.8,2222911
2020-02-06,369.9,372.5,365.5,371.0,4393567
2020-02-07,371.2,375.9,369.7,375.5,3005533
2020-02-10,376.7,379.0,365.4,371.0,2347905
2020-02-11,370.0,374.3,364.3,368.2,3561583
2020-02-12,367.0,377.6,366.9,377.0,1963444
2020-02-13,374.6,377.9,372.1,375.8,1619431
2020-02-14,378.5,381.7,376.76,380.5,2039413
2020-02-17,384.9,384.9,379.05,382.0,1190405
2020-02-18,381.3,383.7,378.5,380.0,1487149
2020-02-19,380.4,383.0,377.3,381.8,4359637
2020-02-20,380.5,386.6,372.5,372.5,3759836
2020-02-21,370.1,371.94,364.8,366.6,2402240
2020-02-24,356.3,358.6,350.3,357.4,2064119
2020-02-25,352.9,356.6,341.8,342.6,5195058
2020-02-26,341.0,342.3,330.4,333.6,5911457
2020-02-27,330.1,330.6,319.4,329.1,5532584
2020-02-28,315.5,333.1,315.2,333.1,6084022
2020-03-02,341.5,346.8,322.1,330.0,6527535
2020-03-03,334.2,341.3,330.96,336.7,6360909
2020-03-04,335.9,341.0,327.6,330.4,5648178
2020-03-05,329.3,333.41,321.4,324.9,4006730
2020-03-06,319.2,319.2,310.6,316.8,3388510
2020-03-09,301.5,307.4,293.2,302.1,8081716
2020-03-10,306.6,316.6,303.2,305.9,5993619
2020-03-11,310.1,321.8,301.1,301.1,5607330
2020-03-12,289.5,301.9,279.3,299.1,5882494
2020-03-13,306.2,310.1,279.4,280.4,5689269
2020-03-16,288.8,291.6,250.7,270.6,11423227
2020-03-17,286.0,288.9,260.4,276.0,6165706
2020-03-18,270.6,285.83,264.18,270.4,8433111
2020-03-19,261.2,271.0,245.6,268.0,8128842
2020-03-20,272.0,294.1,251.97,278.5,6015048
2020-03-23,259.7,283.7,256.2,283.7,4681859
2020-03-24,292.2,296.4,269.3,296.0,7500810
2020-03-25,303.8,321.3,292.8,295.6,4677677
2020-03-26,304.0,307.0,280.8,287.1,3880255
2020-03-27,279.9,284.94,268.4,268.4,4203759
2020-03-30,268.4,273.3,255.9,268.4,3289886
2020-03-31,271.5,280.8,266.7,275.8,4786094
2020-04-01,272.1,277.2,262.8,266.5,4765688
2020-04-02,261.6,277.24,261.6,269.5,2655288
2020-04-03,268.4,284.7,264.4,270.9,4438068
2020-04-06,274.1,289.2,274.1,284.3,2737352
2020-04-07,290.6,302.2,283.6,287.6,3462610
2020-04-08,284.9,299.7,284.9,299.7,11432654
2020-04-09,297.5,308.0,295.0,300.1,3949555
2020-04-14,305.6,321.59,304.2,317.6,4319966
2020-04-15,322.3,322.3,310.5,310.5,7560480
2020-04-16,314.2,320.0,300.4,302.5,3358693
2020-04-17,316.0,324.1,313.2,323.1,4264799
2020-04-20,324.8,327.1,318.3,325.2,2405008
2020-04-21,325.3,326.72,318.2,318.5,3307231
2020-04-22,320.9,325.0,316.7,320.4,5040575
2020-04-23,321.4,332.7,320.6,327.4,2444632
2020-04-24,321.2,323.7,317.46,319.9,2353993
2020-04-27,324.5,329.69,323.5,325.9,2820895
2020-04-28,330.3,339.5,329.4,333.9,3140107
2020-04-29,331.2,346.7,328.2,343.9,3407469
2020-04-30,342.0,348.6,332.7,332.8,2998631
2020-05-01,333.5,339.2,329.3,330.0,1484287
2020-05-04,327.5,335.3,321.8,332.0,7489545
2020-05-05,338.3,339.07,323.1,325.0,2297020
2020-05-06,331.4,331.4,322.7,324.2,3419676
2020-05-07,327.1,333.2,323.7,331.0,2994526
2020-05-11,335.7,341.96,330.77,340.2,3228516
2020-05-12,337.4,344.1,333.7,340.0,2832874
2020-05-13,338.6,354.4,335.6,353.0,4547441
2020-05-14,341.9,352.2,325.1,335.9,4853057
2020-05-15,338.2,346.2,332.8,338.0,2160259
2020-05-18,344.7,347.8,337.2,344.5,2118896
2020-05-19,346.6,349.2,339.7,343.1,3184239
2020-05-20,341.4,359.7,341.4,355.6,3337836
2020-05-21,351.3,365.2,351.3,360.0,3542406
2020-05-22,355.4,364.5,355.4,359.2,1981568
2020-05-26,369.5,372.3,363.98,368.6,2652482
2020-05-27,370.8,372.9,365.94,371.9,2162788
2020-05-28,379.8,379.8,366.7,369.4,3537224
2020-05-29,377.3,392.6,375.1,389.7,5576350
2020-06-01,396.2,400.5,390.0,396.9,3107336
2020-06-02,394.9,403.0,391.1,392.9,4095139
2020-06-03,390.0,391.7,383.0,385.0,4396958
2020-06-04,380.3,388.9,377.2,378.1,7645318
2020-06-05,380.5,384.4,370.3,377.9,3730040
2020-06-08,377.8,382.83,372.74,376.1,3311401
2020-06-09,376.6,381.1,370.5,376.1,6804329
2020-06-10,377.4,386.9,376.8,379.9,2618773
2020-06-11,372.0,372.0,339.8,353.2,5715712
2020-06-12,354.1,382.1,347.0,372.0,4019612
2020-06-15,362.9,382.0,362.9,381.3,3674666
2020-06-16,384.2,386.58,378.2,383.3,4080496
2020-06-17,379.9,388.8,378.2,383.0,3953100
2020-06-18,375.5,384.5,374.5,377.2,3239061
2020-06-19,380.5,388.9,375.0,386.4,5545892
2020-06-22,375.0,398.4,375.0,396.2,2940139
2020-06-23,396.2,406.6,396.2,399.7,3673652
2020-06-24,402.3,402.3,391.9,392.1,2977910
2020-06-25,390.1,397.1,388.0,395.2,3644865
2020-06-26,403.0,403.0,391.3,392.6,2622204
2020-06-29,386.8,399.1,386.8,398.0,3732214
2020-06-30,397.7,399.6,390.7,397.5,4122216
2020-07-01,413.6,426.4,404.7,417.0,10983105
2020-07-02,421.5,436.8,421.5,429.9,6145086
2020-07-03,420.0,434.44,420.0,426.7,3129077
2020-07-06,435.8,435.8,429.4,433.3,2145562
2020-07-07,433.0,439.7,431.18,434.0,3685088
2020-07-08,435.0,443.3,429.8,436.2,3101425
2020-07-09,436.0,439.9,428.3,431.4,2937895
2020-07-10,435.5,437.2,429.8,433.4,2460192
2020-07-13,435.0,437.82,429.2,435.5,2725716
2020-07-14,432.0,437.3,428.5,433.0,1943014
2020-07-15,438.0,440.9,434.3,437.4,4883451
2020-07-16,433.3,441.3,433.3,440.0,2939449
2020-07-17,436.5,442.0,435.8,438.1,2081041
2020-07-20,443.9,447.1,436.5,445.0,5914344
2020-07-21,447.8,448.1,439.4,440.2,3235080
2020-07-22,443.1,449.6,440.1,449.5,2639869
2020-07-23,449.9,455.03,445.8,451.2,2754123
2020-07-24,442.8,446.3,434.9,441.8,4347386
2020-07-27,448.2,448.2,438.1,442.7,1709417
2020-07-28,480.1,484.99,448.4,458.4,4453123
2020-07-29,463.3,468.5,458.4,463.4,3343552
2020-07-30,469.3,473.6,462.3,463.8,5143529
2020-07-31,458.3,469.4,458.3,463.0,3378869
2020-08-03,459.8,480.83,459.8,476.4,1987318
2020-08-04,479.9,480.3,471.0,472.6,6664379
2020-08-05,468.8,477.8,468.79,474.5,2777427
2020-08-06,471.0,485.61,470.8,479.9,2233638
2020-08-07,478.7,486.4,476.34,486.1,1972699
2020-08-10,488.5,490.4,482.7,483.6,2432615
2020-08-11,490.0,490.0,480.6,482.4,2487675
2020-08-12,480.8,487.4,476.8,487.4,3374490
2020-08-13,481.0,492.3,477.6,491.6,3649060
2020-08-14,492.1,494.5,483.7,491.7,2347863
2020-08-17,498.8,498.8,489.43,494.5,1670814
2020-08-18,494.6,496.9,488.4,489.0,2123535
2020-08-19,486.2,492.0,485.7,489.0,2528354
2020-08-20,481.1,484.3,479.67,481.6,1373640
2020-08-21,491.4,491.4,477.6,483.8,2432147
2020-08-24,483.8,488.6,481.1,481.1,1941753
2020-08-25,482.9,486.0,472.3,475.2,2609552
2020-08-26,476.6,481.3,469.8,479.1,3413334
2020-08-27,489.0,489.0,478.0,485.0,2821133
2020-08-28,492.5,492.5,474.6,476.0,2079187
2020-09-01,477.5,480.2,471.8,473.8,2832187
2020-09-02,477.0,484.8,472.0,474.7,3094168
2020-09-03,476.1,482.5,459.2,461.5,2438349
2020-09-04,457.0,471.3,457.0,459.9,1823768
2020-09-07,460.0,469.5,458.2,465.6,2936510
2020-09-08,460.5,466.2,453.1,460.0,4419751
2020-09-09,461.0,462.9,455.6,459.6,2762079
2020-09-10,463.1,467.0,458.1,464.0,2232662
2020-09-11,463.2,466.3,460.36,464.2,2530957
2020-09-14,461.6,467.1,458.2,464.4,1896016
2020-09-15,464.3,468.0,463.4,467.0,2116201
2020-09-16,466.9,472.2,460.0,460.5,2729237
2020-09-17,458.7,462.4,455.1,461.0,2112318
2020-09-18,461.2,462.2,450.5,455.8,25624612
2020-09-21,456.9,466.4,451.9,459.1,3502278
2020-09-22,462.3,466.3,458.7,459.3,3048140
2020-09-23,463.3,478.0,460.8,473.0,3218271
2020-09-24,471.8,476.0,465.5,476.0,3952466
2020-09-25,478.9,487.5,473.0,487.5,2837236
2020-09-28,490.5,493.97,486.53,490.4,1974909
2020-09-29,505.2,516.18,498.9,510.2,6208948
2020-09-30,513.2,515.0,494.7,494.7,4363998
2020-10-01,497.2,509.0,494.9,503.4,5443329
2020-10-02,503.0,504.2,489.5,492.4,2544141
2020-10-05,492.0,497.23,487.6,493.5,2217756
2020-10-06,494.6,498.5,493.3,495.8,2638800
2020-10-07,492.1,503.2,492.0,498.2,3071599
2020-10-08,504.0,504.0,495.5,497.3,2244350
2020-10-09,495.7,498.3,491.7,494.2,5780617
2020-10-12,496.8,498.34,494.1,498.1,3043022
2020-10-13,498.8,503.0,494.6,503.0,8065385
2020-10-14,507.0,516.8,501.96,509.6,7757715
2020-10-15,509.2,511.4,500.6,509.6,4687891
2020-10-16,513.8,517.92,508.2,509.6,2895828
2020-10-19,511.2,513.44,507.0,509.6,2112393
2020-10-20,509.0,511.8,504.0,504.0,1993736
2020-10-21,506.2,508.8,498.2,498.6,1617585
2020-10-22,491.5,497.6,490.6,495.2,2482468
2020-10-23,496.0,502.2,491.6,499.8,2170293
2020-10-26,495.7,504.2,486.6,486.6,2658051
2020-10-27,484.8,493.5,483.06,487.9,2076742
2020-10-28,483.7,492.3,482.3,488.1,2252766
2020-10-29,484.0,493.8,482.9,493.7,5921160
2020-10-30,493.4,493.5,483.1,484.8,2010278
2020-11-02,485.4,507.0,485.3,504.2,3124716
2020-11-03,506.4,510.0,503.0,503.0,2460502
2020-11-04,503.2,510.4,496.9,510.4,3472547
2020-11-05,512.0,526.0,511.4,522.8,2945268
2020-11-06,523.8,534.6,514.6,534.6,5351622
2020-11-09,535.6,544.6,482.0,482.0,5982231
2020-11-10,482.5,492.3,473.3,475.5,7335068
2020-11-11,474.2,505.9,468.9,501.4,4877229
2020-11-12,502.0,511.0,485.6,496.0,4598088
2020-11-13,487.1,513.0,487.1,503.4,13208325
2020-11-16,513.0,513.0,489.7,495.0,15519798
2020-11-17,498.5,502.62,492.5,497.4,3440879
2020-11-18,495.4,513.4,492.0,508.8,3641294
2020-11-19,491.2,491.64,480.0,487.4,3207955
2020-11-20,494.9,498.8,488.6,497.6,3062482
2020-11-23,499.1,501.2,484.9,484.9,16776514
2020-11-24,488.4,491.7,468.0,468.0,3190135
2020-11-25,462.1,470.45,453.2,461.5,4364330
2020-11-26,461.7,500.9,457.3,466.7,5217788
2020-11-27,468.2,476.2,460.0,475.0,4711799
2020-11-30,474.2,482.5,473.7,477.9,4513260
2020-12-01,476.7,490.8,471.9,488.7,3199805
2020-12-02,485.0,487.9,471.5,478.0,3445798
2020-12-03,476.9,489.0,470.0,474.7,4824490
2020-12-04,477.2,484.6,470.6,473.5,3422105
2020-12-07,469.8,477.4,465.41,469.8,3432035
2020-12-08,468.7,480.8,467.3,479.8,4099963
2020-12-09,481.5,482.6,472.6,479.1,1829488
2020-12-10,479.6,492.4,479.0,489.5,4124383
2020-12-11,493.2,495.3,486.4,494.1,5346962
2020-12-14,499.8,512.0,488.6,511.0,5507418
2020-12-15,511.0,520.01,508.6,511.4,2878314
2020-12-16,513.4,515.4,505.6,508.8,4694946
2020-12-17,511.4,515.2,507.24,514.4,6039663
2020-12-18,512.0,512.6,506.0,509.8,4183973
2020-12-21,505.2,506.0,496.3,506.0,2543303
2020-12-22,503.4,507.2,502.4,506.6,2471863
2020-12-23,510.0,514.8,503.0,513.0,2204578
2020-12-24,516.6,517.4,512.8,514.8,274696
2020-12-29,521.4,522.6,518.2,519.33,119810
